product_name, price_ship
MSI GeForce RTX 2060 DirectX 12 RTX 2060 VENTUS XS 6G OC 6GB 192-Bit GDDR6 PCI Express 3.0 x16 HDCP Ready Video Card,Free Shipping
ZOTAC GAMING GeForce RTX 2060 6GB GDDR6 192-bit Gaming Graphics Card| Super Compact| ZT-T20600K-10M,Free Shipping
GIGABYTE Geforce RTX 2060 OC 6G Graphics Card| 2 x WINDFORCE Fans| 6GB 192-Bit GDDR6| GV-N2060OC-6GD Video Card,Free Shipping
MSI GeForce GTX 1660 SUPER DirectX 12 GTX 1660 SUPER VENTUS XS OC 6GB 192-Bit GDDR6 PCI Express 3.0 x16 HDCP Ready Video Card,Free Shipping
GIGABYTE Radeon RX 580 GAMING 8G (rev. 2.0) Graphics Card| PCIe 3.0| 8GB 256-Bit GDDR5| GV-RX580GAMING-8GD REV2.0 Video Card,Free Shipping
EVGA GeForce RTX 2070 SUPER BLACK GAMING| 08G-P4-3071-KR| 8GB GDDR6,Free Shipping
EVGA GeForce RTX 2070 SUPER KO GAMING Video Card| 08G-P4-2072-KR| 8GB GDDR6| Dual Fans,Free Shipping
EVGA GeForce RTX 2070 SUPER XC ULTRA GAMING| 08G-P4-3173-KR| 8GB GDDR6| Dual HDB Fans| RGB LED| Metal Backplate,Free Shipping
MSI GeForce RTX 2070 SUPER DirectX 12 RTX 2070 Super GAMING X 8GB 256-Bit GDDR6 PCI Express 3.0 x16 HDCP Ready SLI Support Video Card,Free Shipping
GIGABYTE GeForce GTX 1650 SUPER WINDFORCE OC 4G Graphics Card| 2 x WINDFORCE Fans| 4GB 128-Bit GDDR6| GV-N165SWF2OC-4GD Video Card,Free Shipping
ASUS GeForce GTX 1660 Super Overclocked 6GB Dual-fan EVO Edition VR Ready HDMI DisplayPort DVI Graphics Card (DUAL-GTX1660S-O6G-EVO),$15.99 Shipping
MSI GeForce GTX 1660 Ti DirectX 12 GTX 1660 TI GAMING X 6G 6GB 192-Bit GDDR6 PCI Express 3.0 x16 HDCP Ready Video Card,Free Shipping
EVGA GeForce RTX 2060 KO GAMING Video Card| 06G-P4-2066-KR| 6GB GDDR6| Dual Fans| Metal Backplate,Free Shipping
MSI GeForce GTX 1050 Ti DirectX 12 GTX 1050 Ti GAMING X 4G 4GB 128-Bit GDDR5 PCI Express 3.0 x16 HDCP Ready ATX Video Card,Free Shipping
ASUS GeForce RTX 2060 Overclocked 6G GDDR6 Dual-Fan EVO Edition VR Ready HDMI DisplayPort DVI Graphics Card (DUAL-RTX2060-O6G-EVO),Free Shipping
MSI GeForce RTX 2060 DirectX 12 RTX 2060 GAMING Z 6G 6GB 192-Bit GDDR6 PCI Express 3.0 x16 HDCP Ready Video Card,Free Shipping
EVGA GeForce GTX 1660 SC ULTRA GAMING| 06G-P4-1067-KR| 6GB GDDR5| Dual Fan| Metal Backplate,Free Shipping
GIGABYTE GeForce GTX 1650 DirectX 12 GV-N1656OC-4GL 4GB 128-Bit GDDR6 PCI Express 3.0 x16 Low Profile Ready Video Card,Free Shipping
ZOTAC GAMING GeForce GTX 1660 SUPER 6GB GDDR6 192-bit Gaming Graphics Card| Super Compact| ZT-T16620F-10L,Free Shipping
EVGA GeForce GTX 1650 SUPER SC ULTRA GAMING Video Card| 04G-P4-1357-KR| 4GB GDDR6| Dual Fan| Metal Backplate,$3.99 Shipping
GIGABYTE GeForce GTX 1660 Ti OC 6G Graphics Card| 2 x WINDFORCE Fans| 6GB 192-Bit GDDR6| GV-N166TOC-6GD Video Card,Free Shipping
ASUS GeForce GT 1030 2GB Phoenix Fan OC Edition HDMI DVI Graphics Card (PH-GT1030-O2G),$3.99 Shipping
GIGABYTE GeForce GTX 1650 OC 4G Graphics Card| 2 x WINDFORCE Fans| 4GB 128-Bit GDDR5| GV-N1650OC-4GD Video Card,$0.99 Shipping
MSI GeForce GTX 1650 SUPER DirectX 12 GTX 1650 Super Gaming X 4GB 128-Bit GDDR6 PCI Express 3.0 x16 HDCP Ready Video Card,Free Shipping
ASUS GeForce GTX 1050 Ti 4GB PHOENIX Fan Edition DVI-D HDMI DP 1.4 Gaming Graphics Card (PH-GTX1050Ti-4G),$0.99 Shipping
MSI Radeon RX 5600 XT DirectX 12 RX 5600 XT GAMING MX 6GB 192-Bit GDDR6 PCI Express 4.0 HDCP Ready Video Card,Free Shipping
GIGABYTE AORUS Radeon RX 5700 XT 8G Graphics Card| PCIe 4.0| 8GB 256-Bit GDDR6| GV-R57XTAORUS-8GD Video Card,Free Shipping
ASUS ROG Strix Radeon RX 570 DirectX 12 ROG-STRIX-RX570-O8G-GAMING 8GB 256-Bit GDDR5 PCI Express 3.0 HDCP Ready Video Card,Free Shipping
MSI GeForce GTX 1660 Ti DirectX 12 GTX 1660 TI VENTUS XS 6G OC 6GB 192-Bit GDDR6 PCI Express 3.0 x16 HDCP Ready Video Card,Free Shipping
MSI GeForce GTX 1050 Ti DirectX 12 GTX 1050 Ti 4GT OC 4GB 128-Bit GDDR5 PCI Express 3.0 x16 HDCP Ready ATX Video Card,Free Shipping
GIGABYTE GeForce GTX 1660 OC 6G Graphics Card| 2 x WINDFORCE Fans| 6GB 192-Bit GDDR5| GV-N1660OC-6GD Video Card,Free Shipping
ASUS ROG Strix GeForce RTX 3080 DirectX 12 ROG-STRIX-RTX3080-O10G-GAMING 10GB 320-Bit GDDR6X PCI Express 4.0 x16 HDCP Ready Video Card,$6.99 Shipping
ASUS ROG STRIX AMD Radeon RX 5700 XT Overclocked 8G GDDR6 HDMI DisplayPort Gaming Graphics Card (ROG-STRIX-RX5700XT-O8G-GAMING),Free Shipping
GIGABYTE Radeon RX 5700 XT GAMING OC 8G Graphics Card| PCIe 4.0| 8GB 256-Bit GDDR6| GV-R57XTGAMING OC-8GD Video Card,Free Shipping
ASUS ROG STRIX AMD Radeon RX 5500 XT Overclocked 8G GDDR6 HDMI DisplayPort Gaming Graphics Card (ROG-STRIX-RX5500XT-O8G-GAMING),$3.99 Shipping
GIGABYTE GeForce RTX 2060 DirectX 12 GV-N2060WF2OC-6GD R2 6GB 192-Bit GDDR6 PCI Express 3.0 x16 ATX Video Card,Free Shipping
ASUS GeForce GTX 1650 4GB Phoenix Fan Overclocked Edition HDMI DP DVI Graphics Card (PH-GTX1650-O4G),Free Shipping
EVGA GeForce RTX 2070 SUPER XC GAMING| 08G-P4-3172-KR| 8GB GDDR6| Dual HDB Fans| RGB LED| Metal Backplate,$15.99 Shipping
EVGA GeForce RTX 2060 SC Ultra GAMING| 06G-P4-2067-KR| 6GB GDDR6| Dual HDB Fans,Free Shipping
EVGA GeForce GTX 1650 SC ULTRA GAMING GDDR6| 04G-P4-1257-KR| 4GB GDDR6| Dual Fan| Metal Backplate,$2.99 Shipping
ASRock Phantom Gaming D Radeon RX 570 DirectX 12 RX570 8G OC 8GB 256-Bit GDDR5 PCI Express 3.0 x16 HDCP Ready Video Card,Free Shipping
ASUS TUF Gaming GeForce GTX 1650 SUPER Overclocked 4GB Edition HDMI DP DVI Gaming Graphics Card (TUF-GTX1650S-O4G-GAMING),$3.99 Shipping
SAPPHIRE NITRO+ Radeon RX 5700 XT 100416NT+8GSR 8GB 256-Bit GDDR6 PCI Express 4.0 x16 ATX Video Card,$3.99 Shipping
ASUS ROG STRIX GeForce RTX 2060 DirectX 12 ROG-STRIX-RTX2060-O6G-EVO-GAMING 6GB 192-Bit GDDR6 PCI Express 3.0 HDCP Ready Video Card,Free Shipping
EVGA GeForce RTX 2060 KO ULTRA GAMING Video Card| 06G-P4-2068-KR| 6GB GDDR6| Dual Fans| Metal Backplate,$3.99 Shipping
ASUS Phoenix GeForce GTX 1650 PH-GTX1650-O4GD6 4GB 128-Bit GDDR6 PCI Express 3.0 HDCP Ready Video Card,$3.99 Shipping
ASUS GeForce GT 1030 2GB GDDR5 HDMI DVI Graphics Card (GT1030-2G-CSM),$0.99 Shipping
MSI Radeon RX 5700 DirectX 12 RX 5700 MECH GP OC 8GB 256-Bit GDDR6 PCI Express 4.0 HDCP Ready Video Card,Free Shipping
MSI GeForce GTX 1650 DirectX 12 GTX 1650 GAMING X 4G 4GB 128-Bit GDDR5 PCI Express 3.0 x16 HDCP Ready Video Card,$12.99 Shipping
ASUS ROG Strix GeForce RTX 2080 Ti DirectX 12 ROG-STRIX-RTX2080TI-O11G-GAMING 11GB 352-Bit GDDR6 PCI Express 3.0 HDCP Ready SLI Support Video Card,$75.00 Shipping
MSI GeForce GTX 1050 Ti DirectX 12 GTX 1050 TI 4GT LP 4GB 128-Bit GDDR5 PCI Express 3.0 x16 HDCP Ready Low Profile Video Card,$3.99 Shipping
MSI Radeon RX 580 DirectX 12 RX 580 ARMOR 8G OC 8GB 256-Bit GDDR5 PCI Express x16 HDCP Ready CrossFireX Support Video Card,Free Shipping
EVGA GeForce GT 710 DirectX 12 01G-P3-2711-KR 1GB 64-Bit DDR3 PCI Express 2.0 Low Profile Video Card,Free Shipping
EVGA GeForce GTX 1660 Ti SC ULTRA GAMING| 06G-P4-1667-KR| 6GB GDDR6| Dual Fan| Metal Backplate,Free Shipping
GIGABYTE Radeon RX 5500 XT DirectX 12 GV-R55XTOC-8GD 8GB 128-Bit GDDR6 PCI Express 4.0 x16 ATX Video Card,Free Shipping
MSI GeForce GTX 1660 DirectX 12 GTX 1660 VENTUS XS 6G OC 6GB 192-Bit GDDR5 PCI Express 3.0 x16 HDCP Ready Video Card,Free Shipping
XFX RX-560D4SFG5 Radeon RX 560 4GB GDDR5 - 1196 MHz Core - 14 CU - Dual Slot Space Required Graphic Card,Free Shipping
ASRock Radeon RX 5700 XT DirectX 12 RX 5700 XT CHALLENGER D 8G OC 8GB 256-Bit GDDR6 PCI Express 4.0 HDCP Ready Video Card,Free Shipping
MSI GeForce RTX 2070 DirectX 12 RTX 2070 TRI FROZR 8GB 256-Bit GDDR6 PCI Express 3.0 x16 HDCP Ready Video Card,Free Shipping
MSI GeForce GT 730 DirectX 12 N730K-2GD5LP/OC 2GB 64-Bit GDDR5 PCI Express 2.0 x16 HDCP Ready Video Card,Free Shipping
GIGABYTE Radeon RX 570 DirectX 12 GV-RX570GAMING-8GD Rev 2.0 8GB 256-Bit GDDR5 PCI Express 3.0 x16 CrossFireX Support ATX Video Card,Free Shipping
ASUS GeForce RTX 2070 Super Overclocked 8G EVO GDDR6 Dual-Fan Edition  HDMI DisplayPort Gaming Graphics Card (DUAL-RTX2070S-O8G-EVO),$15.99 Shipping
ASRock Phantom Gaming D Radeon RX 5700 XT 8G OC Video Card| RX5700XT PGD 8GO,Free Shipping
ASUS GeForce GT 710 1GB GDDR5 HDMI VGA DVI Graphics Card (GT710-SL-1GD5-BRK),$3.99 Shipping
ZOTAC GAMING GeForce RTX 2060 SUPER MINI 8GB GDDR6 256-bit 14 Gbps Gaming Graphics Card| IceStorm 2.0| Super Compact| ZT-T20610E-10M,Free Shipping
GIGABYTE GeForce GTX 1650 DirectX 12 GV-N1650OC-4GL 4GB 128-Bit GDDR5 PCI Express 3.0 x16 Low Profile Video Card,Free Shipping
ASRock Radeon RX 5700 XT DirectX 12 RX 5700 XT TAICHI X 8G OC+ 8GB 256-Bit GDDR6 PCI Express 4.0 HDCP Ready Video Card,$3.99 Shipping
ASUS GeForce GTX 1660 SUPER Overclocked 6GB Phoenix Fan Edition HDMI DP DVI Graphics Card (PH-GTX1660S-O6G),Free Shipping
EVGA 200 GeForce 210 DirectX 10.1 01G-P3-1312-LR 1GB 64-Bit DDR3 PCI Express 2.0 x16 HDCP Ready Low Profile Video Card,Free Shipping
MSI GeForce GTX 1650 DirectX 12 GTX 1650 VENTUS XS 4G OC 4GB 128-Bit GDDR5 PCI Express 3.0 x16 HDCP Ready Video Card,Free Shipping
ASUS GeForce GTX 1650 SUPER Overclocked 4GB Phoenix Fan Edition HDMI DP DVI Graphics Card (PH-GTX1650S-O4G),Free Shipping
GIGABYTE GeForce GTX 1650 DirectX 12 GV-N1656WF2OC-4GD 4GB 128-Bit GDDR6 PCI Express 3.0 x16 ATX Video Card,Free Shipping
MSI Radeon RX 570 DirectX 12 RX 570 ARMOR 8G OC 8GB 256-Bit GDDR5 PCI Express x16 HDCP Ready CrossFireX Support ATX Video Card,Free Shipping
GIGABYTE GeForce GT 1030 DirectX 12 GV-N1030OC-2GI 2GB 64-Bit GDDR5 PCI Express x16 ATX Video Card,$3.99 Shipping
MSI GeForce GTX 1050 Ti DirectX 12 GTX 1050 Ti GAMING 4G 4GB 128-Bit GDDR5 PCI Express 3.0 x16 HDCP Ready Video Card,Free Shipping
EVGA GeForce GTX 1650 KO ULTRA GDDR6 GAMING| 04G-P4-1457-KR| 4GB GDDR6| Dual Fan| Metal Backplate,$3.99 Shipping
GIGABYTE GeForce GTX 1050 Ti DirectX 12 GV-N105TOC-4GD 4GB 128-Bit GDDR5 PCI Express 3.0 x16 ATX Video Cards,Free Shipping
EVGA GeForce GTX 1650 XC GAMING Video Card| 04G-P4-1153-KR| 4GB GDDR5,Free Shipping
GIGABYTE Radeon RX 5600 XT WINDFORCE OC 6G (Rev 2.0) Graphics Card| PCIe 4.0| 6GB 192-Bit GDDR6| GV-R56XTWF2OC-6GD Video Card,Free Shipping
EVGA GeForce RTX 2060 XC GAMING| 6GB GDDR6| HDB Fan Graphics Card 06G-P4-2063-KR,Special Shipping
ASUS ROG Strix GeForce GTX 1650 SUPER Advanced 4GB Edition GDDR6 HDMI 2.0 DP 1.4 Gaming Graphics Card (ROG-STRIX-GTX1650S-A4G-GAMING),$3.99 Shipping
ASUS Phoenix GeForce RTX 2060 DirectX 12 PH-RTX2060-6G 6GB 192-Bit GDDR6 PCI Express 3.0 HDCP Ready Video Card,Free Shipping
XFX Radeon RX 5600 XT RX-56XT6DF46 Video Card THICC II PRO-14GBPS 6GB BOOST UP TO 1620M D6  3xDP HDMI,Free Shipping
MINGYING GTX 750TI 2GBD5  GeForce GTX 750 Ti  2GB  GDDR5 128-Bit GDDR5 PCI Express 3.0 Gaming Video Card 2560 * 1600 60Hz DVI HDMI VGA,$20.00 Shipping
XFX Radeon RX 5600 XT THICC III PRO - RX-56XT6TF48 Video Card - 14GBPS 6GB BOOST UP TO 1750M D6 3xDP HDMI,Free Shipping
AMD RX460 128-Bit 4GB GDDR5 Graphic Card DirectX12 Video Card GPU PCI Express 3.0 DP/DVI-D/HDMI| Play for LOL| DOTA| COD| War Thunder| Apex| etc,Free Shipping
MSI Radeon RX 5500 XT DirectX 12 RX 5500 XT MECH 4G OC 4GB 128-Bit GDDR6 PCI Express 4.0 HDCP Ready Video Card,Free Shipping
MSI GeForce RTX 2080 SUPER DirectX 12 RTX 2080 Super Gaming X TRIO 8GB 256-Bit GDDR6 PCI Express 3.0 x16 HDCP Ready SLI Support Video Card,$105.00 Shipping
Dell Optiplex 740 750 3010 3020 7010 7020 9010 9020 SFF GT 610 1GB PCI Express 2.0 x16 DVI+HDMI Single Slot Low Profile Video Graphics Card,Free Shipping
EVGA GeForce RTX 2070 SUPER FTW3 ULTRA GAMING| 08G-P4-3277-KR| 8GB GDDR6| iCX2 Technology| RGB LED| Metal Backplate,Free Shipping
EVGA GeForce RTX 2060 SUPER SC ULTRA GAMING| 08G-P4-3067-KR| 8GB GDDR6| Dual HDB Fans| Metal Backplate,Free Shipping
EVGA GeForce RTX 2080 Ti XC ULTRA GAMING| 11G-P4-2383-KR| 11GB GDDR6| Dual HDB Fans & RGB LED,Free Shipping
EVGA GeForce GTX 1060 SC GAMING| ACX 2.0 (Single Fan)| 06G-P4-6163-KR| 6GB GDDR5| DX12 OSD Support (PXOC)| Only 6.8 Inches,Free Shipping
GIGABYTE GeForce GTX 1660 Ti MINI ITX 6G Graphics Card| Compact Mini ITX Form Factor| 6GB 192-Bit GDDR6| GV-N166TIX-6GD Video Card,Free Shipping
GIGABYTE GeForce GTX 1650 MINI ITX OC 4G Graphics Card| Mini ITX Form Factor| 4GB 128-Bit GDDR5| GV-N1650IXOC-4GD Video Card,$8.99 Shipping
ZOTAC GAMING GeForce GTX 1650 OC 4GB GDDR6 128-bit Gaming Graphics Card| Super Compact| ZT-T16520F-10L,Free Shipping
ASUS AMD Radeon RX 5500 XT Overclocked O8G GDDR6 Dual Fan EVO Edition HDMI DisplayPort Gaming Graphics Card (DUAL-RX5500XT-O8G-EVO),$3.99 Shipping
ASUS GeForce GT 710 2GB GDDR5 HDMI VGA DVI Graphics Card (GT710-SL-2GD5-CSM),$3.99 Shipping
ASUS TUF Gaming GeForce GTX 1660 Overclocked 6GB Dual-fan Edition HDMI DP DVI Gaming Graphics Card (TUF-GTX1660-O6G-GAMING),$3.99 Shipping
ASUS GeForce GTX 1660 Overclocked 6GB Phoenix Fan Edition HDMI DP DVI Graphics Card (PH-GTX1660-O6G),Free Shipping
EVGA GeForce RTX 3080 FTW3 ULTRA GAMING Video Card| 10G-P5-3897-KR| 10GB GDDR6X| iCX3 Technology| ARGB LED| Metal Backplate,$6.99 Shipping
MSI GeForce GTX 1660 DirectX 12 GTX 1660 GAMING X 6G 6GB 192-Bit GDDR5 PCI Express 3.0 x16 HDCP Ready Video Card,Free Shipping
EVGA GeForce GTX 1660 BLACK GAMING Video Card| 06G-P4-1160-KR| 6GB GDDR5| Single Fan,Free Shipping
SAPPHIRE PULSE Radeon RX 5600 XT DirectX 12 100419P6GL 6GB 192-Bit GDDR6 PCI Express 4.0 ATX Video Card,$3.99 Shipping
PNY GeForce GTX 1660 Ti Graphic Card - 1.50 GHz Core - 1.77 GHz Boost Clock - 6GB GDDR6 - Dual Slot Space Required,Free Shipping
SAPPHIRE PULSE Radeon RX 580 DirectX 12 11265-05-20G 8GB 256-Bit GDDR5 PCI Express 3.0 CrossFireX Support Video Cards,Free Shipping
SAPPHIRE NITRO+ Radeon RX 5700 XT DirectX 12 100416NT+SESR 8GB 256-Bit GDDR6 PCI Express 4.0 x16 ATX Video Card| SPECIAL EDITION,$3.99 Shipping
SAPPHIRE Radeon RX 550 DirectX 12 100414P4GL 4GB 128-Bit GDDR5 Video Card,Free Shipping
ASUS NVIDIA GeForce GT 710 Graphics Card (PCIe 2.0| 2GB GDDR5 Memory| 4 x HDMI Ports| Single-slot Design| Passive Cooling),$3.99 Shipping
XFX Radeon RX 5700 XT DirectX 12 RX-57XT83LD8 8GB 256-Bit GDDR6 PCI Express 4.0 ATX Video Card,Free Shipping
EVGA GeForce GTX 1660 XC Black GAMING| 06G-P4-1161-KR| 6GB GDDR5| HDB Fan,$12.99 Shipping
ASUS TUF Gaming X3 Radeon RX 5600 XT TUF 3-RX5600XT-O6G-EVO-GAMING 6GB 192-Bit GDDR6 PCI Express 4.0 HDCP Ready Video Card,Free Shipping
PowerColor RED DEVIL Radeon RX 5700 XT DirectX 12 AXRX 5700 XT 8GBD6-3DHE/OC 8GB 256-Bit GDDR6 PCI Express 4.0 CrossFireX Support ATX Video Card,Free Shipping
XFX RX 5700 XT THICC III ULTRA 8GB BOOST UP TO 2025 MHz GDDR6 3xDP HDMI Video Card,Free Shipping
GIGABYTE GeForce GTX 1050 Ti DirectX 12 GV-N105TD5-4GD 4GB 128-Bit GDDR5 PCI Express 3.0 x16 Video Cards,Free Shipping
MSI Radeon RX 5700 XT DirectX 12 RX 5700 XT GAMING X 8GB 256-Bit GDDR6 PCI Express 4.0 HDCP Ready CrossFireX Support Video Card,Free Shipping
SAPPHIRE PULSE Radeon RX 5600 XT DirectX 12 11296-01-20G 6GB 192-Bit GDDR6 PCI Express 4.0 ATX Video Card,Free Shipping
MSI Radeon RX 5600 XT DirectX 12 RX 5600 XT MECH OCBV 6GB 192-Bit GDDR6 PCI Express 4.0 HDCP Ready Video Card,Free Shipping
EVGA GeForce GTX 1660 XC GAMING| 06G-P4-1163-KR| 6GB GDDR5| HDB Fan,Free Shipping
ASUS ROG STRIX Radeon RX 5600 XT ROG-STRIX-RX5600XT-T6G-GAMING 6GB 192-Bit GDDR6 PCI Express 4.0 HDCP Ready Video Card,Free Shipping
GIGABYTE Radeon RX 5700 XT DirectX 12 GV-R57XTGAMING-8GD 8GB 256-Bit GDDR6 PCI Express 4.0 x16 ATX Video Card,Free Shipping
Sapphire PULSE Radeon RX 580 8GB GDDR5 PCI-E Dual HDMI / DVI-D / Dual DP OC w/ Backplate (UEFI)| 100411P8GOCL,$3.99 Shipping
PowerColor RED DRAGON Radeon RX 5700 XT DirectX 12 AXRX 5700 XT 8GBD6-3DHR/OC 8GB 256-Bit GDDR6 PCI Express 4.0 CrossFireX Support ATX Video Card,Free Shipping
MSI Radeon RX 5500 XT DirectX 12 RX 5500 XT MECH 8G OC 8GB 128-Bit GDDR6 PCI Express 4.0 HDCP Ready Video Card,Free Shipping
GIGABYTE Radeon RX 5600 XT DirectX 12 GV-R56XTGAMING OC-6GD rev. 2.0 6GB 192-Bit GDDR6 PCI Express 4.0 x16 ATX Video Card,Free Shipping
GIGABYTE Radeon RX 5500 XT DirectX 12 GV-R55XTOC-4GD 4GB 128-Bit GDDR6 PCI Express 4.0 x16 ATX Video Card,Free Shipping
GIGABYTE GeForce RTX 2060 DirectX 12 GV-N2060IXOC-6GD rev. 2.0 6GB 192-Bit GDDR6 PCI Express 3.0 x16 ITX Video Card,Free Shipping
GIGABYTE GeForce GTX 1650 DirectX 12 GV-N1656D6-4GL 4GB 128-Bit GDDR6 PCI Express 3.0 x16 Low Profile Ready Video Card,Free Shipping
MSI GeForce GTX 1660 Ti DirectX 12 GTX 1660 Ti GAMING 6G 6GB 192-Bit GDDR6 PCI Express 3.0 x16 HDCP Ready Video Card,Free Shipping
MSI GeForce RTX 3080 DirectX 12 RTX 3080 VENTUS 3X 10G OC 10GB 320-Bit GDDR6X PCI Express 4.0 HDCP Ready Video Card,$6.99 Shipping
ASRock Phantom Gaming D3 Radeon RX 5600 XT RX5600XT PGD3 6GO 6GB (14Gbps) 192-Bit GDDR6 PCI Express 4.0 x16 HDCP Ready Video Card,Free Shipping
SAPPHIRE PULSE Radeon RX 5500 XT DirectX 12 100418P8GL 8GB 128-Bit GDDR6 PCI Express 4.0 ATX Video Card,$6.99 Shipping
GIGABYTE GeForce RTX 2060 DirectX 12 GV-N2060GAMINGOC PRO-6GD Ver 2.0 6GB 192-Bit GDDR6 PCI Express 3.0 x16 ATX Video Card,Free Shipping
EVGA GeForce RTX 3080 XC3 ULTRA GAMING Video Card| 10G-P5-3885-KR| 10GB GDDR6X| iCX3 Cooling| ARGB LED| Metal Backplate,
ASRock Phantom Gaming D Radeon RX 570 DirectX 12 RX570 4G 4GB 256-Bit GDDR5 PCI Express 3.0 x16 HDCP Ready Video Card,$3.99 Shipping
ASUS TUF Gaming X3 Radeon RX 5700 XT DirectX 12 TUF 3-RX5700XT-O8G-EVO-GAMING 8GB 256-Bit GDDR6 PCI Express 4.0 HDCP Ready CrossFireX Support Video Card,$3.99 Shipping
MSI GeForce RTX 2060 DirectX 12 RTX 2060 GAMING 6G 6GB 192-Bit GDDR6 PCI Express 3.0 x16 HDCP Ready Video Card,Free Shipping
XFX THICC II Pro Radeon RX 5500 XT RX-55XT8DFD6 8GB 128-Bit GDDR6 PCI Express 4.0 x16 ATX Video Card,Free Shipping
GIGABYTE GeForce GT 1030 Low Profile 2GB| GV-N1030D5-2GL,$4.99 Shipping
MSI Radeon RX 5500 XT DirectX 12 RX 5500 XT GAMING X 8G 8GB 128-Bit GDDR6 PCI Express 4.0 HDCP Ready Video Card,Free Shipping
MSI Radeon RX 5600 XT DirectX 12 RX 5600 XT GAMING X 6GB 192-Bit GDDR6 PCI Express 4.0 HDCP Ready Video Card,Free Shipping
SAPPHIRE NITRO+ Radeon RX 5500 XT DirectX 12 100418NT+8GSEL 8GB 128-Bit GDDR6 PCI Express 4.0 ATX Video Card| Special Edition,$3.99 Shipping
GIGABYTE Radeon RX 5600 XT DirectX 12 GV-R56XTGAMING OC-6GD 6GB 192-Bit GDDR6 PCI Express 4.0 x16 ATX Video Card,$6.99 Shipping
GIGABYTE GeForce GTX 1050 Ti OC Low Profile 4GB Video Card| GV-N105TOC-4GL,Free Shipping
XFX GTS Black Edition RX 580 8GB OC+ 1425MHz RX-580P8DBD6 DDR5 3xDP HDMI DVI With XFX Custom Backplate,$4.27 Shipping
SAPPHIRE PULSE Radeon RX 5500 XT DirectX 12 100418P4GL 4GB 128-Bit GDDR6 PCI Express 4.0 ATX Video Card,$3.99 Shipping
ASRock Challenger ITX Radeon RX 5500 XT DirectX 12 RX5500XT CLI 8G 8GB 128-Bit GDDR6 PCI Express 4.0 x8 HDCP Ready Video Card,Free Shipping
ASUS Dual GeForce RTX 2060 SUPER DUAL-RTX2060S-O8G-EVO-V2 8GB 256-Bit GDDR6 PCI Express 3.0 x16 HDCP Ready ATX Video Card,$1.99 Shipping
MSI GeForce RTX 2070 SUPER DirectX 12 RTX 2070 SUPER VENTUS GP OC 8GB 256-Bit GDDR6 PCI Express 3.0 x16 HDCP Ready SLI Support Video Card,Free Shipping
Sapphire Pulse RX 5600 XT BE 6GB GDDR6 PCI-E DUAL HDMI / DUAL DP OC w/ Backplate (UEFI),$3.99 Shipping
MSI Radeon RX 5700 XT DirectX 12 RX 5700 XT MECH OC 8GB 256-Bit GDDR6 PCI Express 4.0 HDCP Ready Video Card,Free Shipping
ASRock Challenger D Radeon RX 5600 XT RX5600XT CLD 6GO 6GB (14Gbps) 192-Bit GDDR6 PCI Express 4.0 x16 HDCP Ready Video Card,$3.99 Shipping
ASUS TUF Gaming GeForce GTX 1650 TUF-GTX1650-O4GD6-P-GAMING 4GB 128-Bit GDDR6 PCI Express 3.0 HDCP Ready Video Card,$3.99 Shipping
GIGABYTE GeForce GTX 1650 DirectX 12 GV-N1656WF2OC-4GD (rev. 2.0) 4GB 128-Bit GDDR6 PCI Express 3.0 x16 ATX Video Card,Free Shipping
GIGABYTE Radeon RX 5700 XT DirectX 12 GV-R57XTGAMING OC-8GD (rev. 2.0) 8GB 256-Bit GDDR6 PCI Express 4.0 x16 ATX Video Card,Free Shipping
EVGA GeForce GTX 1650 SUPER SC Ultra Black GAMING Video Card| 04G-P4-1355-KR| 4GB GDDR6,$3.99 Shipping
Sapphire Pulse RX 5600 XT BE 6GB GDDR6 PCI-E DUAL HDMI / DUAL DP OC w/ Backplate (UEFI),Free Shipping
EVGA GeForce GTX 1660 Ti XC GAMING| 06G-P4-1263-KR| 6GB GDDR6| HDB Fan,Free Shipping
GIGABYTE GeForce GTX 1650 SUPER DirectX 12 GV-N165SOC-4GD 4GB 128-Bit GDDR6 PCI Express 3.0 x16 Video Card,$0.99 Shipping
ASUS Dual GeForce RTX 2060 DirectX 12 DUAL-RTX2060-O6G-MINI 6GB 192-Bit GDDR6 PCI Express 3.0 HDCP Ready Video Card,$3.99 Shipping
ZOTAC GAMING GeForce RTX 3090 Trinity 24GB GDDR6X 384-bit 19.5 Gbps PCIE 4.0 Gaming Graphics Card| IceStorm 2.0 Advanced Cooling| SPECTRA 2.0 RGB Lighting| ZT-A30900D-10P,
ASUS Dual GeForce GTX 1660 SUPER DirectX 12 DUAL-GTX1660S-O6G-MINI 6GB 192-Bit GDDR6 PCI Express 3.0 HDCP Ready Video Card,$4.99 Shipping
GIGABYTE GeForce GTX 1650 DirectX 12 GV-N1656EAGLE OC-4GD 4GB 128-Bit GDDR6 PCI Express 3.0 x16 ATX Video Card,Free Shipping
MSI GeForce GT 730 DirectX 12 N730-4GD3V2 4GB 128-Bit DDR3 PCI Express 2.0 x16 HDCP Ready ATX Video Card,Free Shipping
PowerColor RED DRAGON Radeon RX 5600 XT DirectX 12 AXRX 5600XT 6GBD6-3DHR/OC 6GB 192-Bit GDDR6 PCI Express 4.0 CrossFireX Support ATX Video Card,$3.99 Shipping
ASRock Challenger Pro Radeon RX 5600 XT DirectX 12 RX5600XT CLP 6GO 6GB 192-Bit GDDR6 PCI Express 4.0 x16 HDCP Ready Video Card,$3.99 Shipping
Sapphire 11293-03-40G NITRO+ AMD Radeon RX 5700 XT 8GB GDDR6 2HDMI/2DisplayPort PCI-Express 4.0 Video Card,Free Shipping
GIGABYTE GeForce RTX 2070 SUPER DirectX 12 GV-N207SWF3-8GD 8GB 256-Bit GDDR6 PCI Express 3.0 x16 SLI Support ATX Video Card,Free Shipping
ASRock Phantom Gaming D2 Radeon RX 5600 XT RX5600XT PGD2 6GO 6GB (14Gbps) 192-Bit GDDR6 PCI Express 4.0 x16 HDCP Ready Video Card,Free Shipping
PowerColor Radeon RX 5600 XT DirectX 12 AXRX 5600 XT 6GBD6-3DHV2/OC 6GB 192-Bit GDDR6 PCI Express 4.0 Video Card,$8.18 Shipping
PowerColor RED DEVIL Radeon RX 5600 XT DirectX 12 AXRX 5600XT 6GBD6-3DHE/OC 6GB 192-Bit GDDR6 PCI Express 4.0 CrossFireX Support ATX Video Card,Free Shipping
ASUS Dual Radeon RX 5700 XT DirectX 12 DUAL-RX5700XT-O8G-EVO 8GB 256-Bit GDDR6 PCI Express 4.0 HDCP Ready Video Card,Free Shipping
ASUS Dual Radeon RX 5600 XT DUAL-RX5600XT-T6G-EVO 6GB 192-Bit GDDR6 PCI Express 4.0 HDCP Ready CrossFireX Support Video Card,$3.99 Shipping
PowerColor Radeon RX 5500 XT DirectX 12 AXRX 5500XT 4GBD6-DH/OC 4GB 128-Bit GDDR6 PCI Express 4.0 CrossFireX Support ATX Video Card,$3.99 Shipping
ASUS Dual Radeon RX 5500 XT DUAL-RX5500XT-O8GEVO 8GB 128-Bit GDDR6 PCI Express 4.0 HDCP Ready Video Card,Free Shipping
XFX Radeon RX 570 Black Edition DirectX 12 RX-570P8DBD6 8GB 256-Bit DDR5 PCI Express 3.0 CrossFireX Support Video Card,Free Shipping
PowerColor Radeon RX 5600 XT DirectX 12 AXRX 5600XT ITX 6GBD6-2DH 6GB 192-Bit GDDR6 PCI Express 4.0 CrossFireX Support ITX Video Card,$4.99 Shipping
GIGABYTE GeForce GTX 1660 SUPER DirectX 12 GV-N166SIX-6GD 6GB 192-Bit GDDR6 PCI Express 3.0 x16 ITX Video Card,Free Shipping
PNY GeForce GTX 1660 Graphic Card 1.53 GHz 6 GB GDDR5 VCG16606BLMPB,Free Shipping
PowerColor Radeon RX 5500 XT DirectX 12 AXRX 5500XT 8GBD6-DH/OC 8GB 128-Bit GDDR6 PCI Express 4.0 CrossFireX Support ATX Video Card,$4.99 Shipping
XFX Radeon RX 5500 XT RX-55XT4DFD6 4GB 128-Bit GDDR6 PCI Express 4.0 Video Card,$3.99 Shipping
ASUS Dual Radeon RX 5500 XT DUAL-RX5500XT-O4G-EVO 4GB 128-Bit GDDR6 PCI Express 4.0 HDCP Ready Video Card,$3.99 Shipping
ASRock Challenger Pro Radeon RX 5700 XT DirectX 12 RX5700XT CLP 8GO 8GB 256-Bit GDDR6 PCI Express 4.0 x16 HDCP Ready Video Card,$3.99 Shipping
MSI Radeon RX 570 DirectX 12 Radeon RX 570 ARMOR 8G 8GB 256-Bit GDDR5 PCI Express x16 HDCP Ready CrossFireX Support Video Card,Free Shipping
GIGABYTE GeForce GTX 1650 DirectX 12 GV-N1656OC-4GD rev. 2.0 4GB 128-Bit GDDR6 PCI Express 3.0 x16 Video Card,Free Shipping
ASUS TUF Gaming GeForce GTX 1650 TUF-GTX1650-O4GD6-GAMING 4GB 128-Bit GDDR6 PCI Express 3.0 HDCP Ready Video Card,$3.99 Shipping
PNY GeForce RTX 3090 24GB XLR8 Gaming EPIC-X RGB Triple Fan Graphics Card| VCG309024TFXPPB,
ASRock Phantom Gaming D Radeon RX 5500 XT 8G OC Video Card| RX5500XT PGD 8GO,Free Shipping
ASUS ROG STRIX AMD Radeon RX 5700 XT Overclocked 8G GDDR6 HDMI DisplayPort Gaming Graphics Card (ROG-STRIX-RX5700XT-O8G-GAMING),$3.19 Shipping
GTX 1650 4GB XLR8 GAMING SINGLE FAN,Free Shipping
ASUS Phoenix GeForce GTX 1650 PH-GTX1650-O4GD6-P 4GB 128-Bit GDDR6 PCI Express 3.0 HDCP Ready Video Card,$3.99 Shipping
GIGABYTE GeForce RTX 2060 SUPER DirectX 12 GV-N206SWF2-8GD 8GB 256-Bit GDDR6 PCI Express 3.0 x16 ATX Video Card,Free Shipping
ASUS Radeon RX 580 DirectX 12 DUAL-RX580-O8G 8GB 256-Bit GDDR5 HDCP Ready CrossFireX Support Video Card,Free Shipping
NVIDIA - NVIDIA GeForce RTX 2080 Super 8GB GDDR6 PCI Express 3.0 Graphics Card - Black/Silver
9001G1802540000,Free Shipping
ASUS ROG STRIX GeForce RTX 2060 DirectX 12 STRIX-RTX2060-O6G-EVO-GAM 6GB 192-Bit GDDR6 PCI Express 3.0 HDCP Ready Video Card,$6.99 Shipping
ASUS ROG Strix Radeon RX 5500 XT ROG-STRIX-RX5500XT-O8G-GAMING 8GB 128-Bit GDDR6 PCI Express 4.0 HDCP Ready Video Card,$4.99 Shipping
CORN AMD RX560 128-Bit 4GB GDDR5 Graphic Card support DirectX12 with dual fans Video Card GPU PCI Express 3.0 DP/DVI-D/HDMI|Play for LOL|DOTA|COD|War Thunder etc.,Free Shipping
GIGABYTE GeForce GTX 1660 GAMING OC 6G Graphics Card| 3 x WINDFORCE Fans| 6GB 192-Bit GDDR5| GV-N1660GAMING OC-6GD Video Card,Free Shipping
GIGABYTE GeForce GTX 1660 Ti GAMING OC 6G Graphics Card| 3 x WINDFORCE Fans| 6GB 192-Bit GDDR6| GV-N166TGAMING OC-6GD Video Card,Free Shipping
ASUS ROG Strix Radeon RX 5700 ROG-STRIX-RX5700-O8G-GAMING 8GB 256-Bit GDDR6 PCI Express 4.0 HDCP Ready CrossFireX Support Video Card,$3.99 Shipping
GIGABYTE GeForce RTX 2080 Super GAMING OC 8G (Rev 2.0) Graphics Card| 3 x WINDFORCE Fans| 8GB 256-Bit GDDR6| GV-N208SGAMING OC-8GC Video Card,Free Shipping
GIGABYTE Geforce RTX 2060 MINI ITX OC 6G Graphics Card| Mini ITX Form Factor| 6GB 192-Bit GDDR6| GV-N2060IXOC-6GD Video Card,Free Shipping
CORN GTX750 Graphic Card 1GB 128 Bit DDR5 DirectX 12 Video Card GPU PCI Express3.0 16X DVI/VGA/HDMI,Free Shipping
GIGABYTE Radeon RX 5500 XT DirectX 12 GV-R55XTD6-8GD 8GB 128-Bit GDDR6 PCI Express 4.0 x8 ATX Video Card,Free Shipping
ASUS ROG Strix Radeon RX 570 O4G Gaming OC Edition GDDR5 DP HDMI DVI VR Ready AMD Graphics Card (ROG-STRIX-RX570-O4G-GAMING),Free Shipping
ASUS ROG STRIX GeForce RTX 2070 SUPER Advanced Overclocked 8G GDDR6 HDMI DisplayPort USB Type-C Gaming Graphics Card (ROG-STRIX-RTX2070S-A8G-GAMING),$75.00 Shipping
GIGABYTE GeForce RTX 2080 Super WINDFORCE OC 8G Graphics Card| 3 x WINDFORCE Fans| 8GB 256-Bit GDDR6| GV-N208SWF3OC-8GD Video Card,Free Shipping
GIGABYTE AORUS GeForce RTX 2080 Super 8G Graphics Card| WINDFORCE Stack| 8GB 256-Bit GDDR6| GV-N208SAORUS-8GC Video Card,Free Shipping
CORN AMD Radeon HD6450 2GB 64Bit GDDR3 Graphic Card Video Card GPU DirectX 11 PCI Express 2.1 16X DVI-D/VGA/HDMI,Free Shipping
GIGABYTE AORUS GeForce GTX 1660 Ti 6G Graphics Card| 3 x WINDFORCE Fans| 6GB 192-Bit GDDR6| GV-N166TAORUS-6GD Video Card,Free Shipping
CORN NVIDIA GeForce GTX 650 1GB 128-Bit DDR5 Graphic Card random color Video Card GPU GTX650-DCO-1GD5 DirectX 11 PCI Express 3.0 HDCP DVI/VGA/HDMI,Free Shipping
GIGABYTE GeForce RTX 2060 SUPER DirectX 12 GV-N206SGAMING-8GD 8GB 256-Bit GDDR6 PCI Express 3.0 x16 ATX Video Card,$6.99 Shipping
ASUS GeForce RTX 2080 Ti 11G Turbo Edition GDDR6 HDMI DP 1.4 Type-C Graphics Card,$45.00 Shipping
Sapphire - 11295-01-20G - Video Card 11295-01-20G Pulse RX 5500 XT 8GB GDDR6 PCIE HDMI/Triple DP OC,Free Shipping
GIGABYTE GeForce RTX 2070 Super WINDFORCE OC 3X 8G Graphics Card| 3 x WINDFORCE Fans| 8GB 256-Bit GDDR6| GV-N207SWF3OC-8GD Video Card,Free Shipping
CORN GTX 650 1GB 128-Bit GDDR5 Graphic Card Video Card GPU GTX650-DCO-1GD5  DirectX 11 PCI Express 3.0 HDCP DVI/VGA/Mini HDMI,Free Shipping
GIGABYTE GeForce RTX 2070 Super GAMING OC 3X 8G Graphics Card| 3 x WINDFORCE Fans| 8GB 256-Bit GDDR6| GV-N207SGAMING OC-8GD Video Card,Free Shipping
Asus ROG Strix ROG-STRIX-RTX2060S-A8G-EVO-GAMING GeForce RTX 2060 SUPER Graphic Card - 8GB GDDR6,$75.00 Shipping
CORN GTX750 Ti 2GB 128Bit GDDR5 Graphic Card Video Card GPU DirectX 12 PCI Express3.0 x16 DVI-D/VGA/HDMI,Free Shipping
XFX Radeon RX 580 GTS Black Edition 1405 MHz OC+| 8GB 256-bit GDDR5| DX12 VR Ready| Double Dissipation| Dual BIOS| PCI-E AMD Graphics Card (RX-580P828D6),Special Shipping
GIGABYTE GeForce RTX 3080 DirectX 12 GV-N3080VISION OC-10GD 10GB 320-Bit GDDR6X PCI Express 4.0 x16 ATX Video Card,$6.99 Shipping
ASUS TUF Gaming GeForce RTX 2060 OC Edition 6GB GDDR6 VR Ready HDMI 2.0b DP 1.4 Auto Extreme Graphics Card (TUF-RTX2060-O6G-GAMING),$31.00 Shipping
EVGA GeForce GTX TITAN X 12G-P4-2992-KR 12GB SC GAMING| Play 4k with Ease Graphics Card,Free Shipping
EVGA GeForce RTX 3090 FTW3 ULTRA GAMING Video Card| 24G-P5-3987-KR| 24GB GDDR6X| iCX3 Technology| ARGB LED| Metal Backplate,$6.99 Shipping
Sapphire 11265-05-20G Radeon PULSE RX 580 8GB GDDR5 DUAL HDMI / DVI-D / DUAL DP OC  Graphic Cards,Free Shipping
Optiplex 740 750 3010 3020 7010 7020 9010 9020 SFF nVIDIA GeForce GT 610 2GB PCI Express 2.0 x16 DVI+HDMI Single Slot Low Profile Video Graphics Card for Dell,Free Shipping
ASUS ROG STRIX GeForce RTX 2080 SUPER Advanced Overclocked 8G GDDR6 HDMI DP 1.4 USB Type-C Gaming Graphics Card (ROG-STRIX-RTX2080S-A8G-GAMING),Free Shipping
ASUS TUF Gaming X3 AMD Radeon RX 5700 XT Overclocked 8G GDDR6 HDMI DisplayPort Gaming Graphics Card (TUF 3-RX5700XT-O8G-GAMING),Free Shipping
CORN GTX 650 Ti 128-Bit 2GB GDDR5 Graphic Card DirectX11 Video Card GPU DVI/DP/HDMI,Free Shipping
ASUS GeForce RTX 2080 Overclocked 8G GDDR6 Dual-Fan Edition VR Ready HDMI DP 1.4 USB Type-C Graphics Card (DUAL-RTX2080-O8G),Free Shipping
ASUS GeForce GTX 1080 TI 11GB GDDR5X Founders Edition VR Ready 5K HD Gaming HDMI DisplayPort PCIe Graphics Card (GTX1080TI-FE),Free Shipping
GIGABYTE AORUS GeForce RTX 2070 Super 8G Graphics Card| WINDFORCE Stack| 8GB 256-Bit GDDR6| GV-N207SAORUS-8GC Video Card,Free Shipping
CORN GTX 650 Ti 128-Bit 1GB GDDR5 Graphic Card DirectX11 Video Card GPU PCI Express 3.0 DVI/VGA/HDMI,Free Shipping
ASUS AREZ RX 560 O4G OC Edition GDDR5 DP HDMI DVI AMD Graphics Card (AREZ-RX560-O4G-EVO),Free Shipping
GIGABYTE GeForce GTX 1660 DirectX 12 GV-N1660OC-6GD 6GB 192-Bit GDDR5 PCI Express 3.0 x16 ATX Video Card,Free Shipping
EVGA GeForce GTX 1070 GAMING| 8GB GDDR5| DX12 OSD Support| Graphics Cards (08G-P4-5170-KR),Free Shipping
MAXSUN GeForce GTX 1050 Ti DirectX 12 GTX 1050 Ti TF4GM4 4GB 128-Bit GDDR5 PCI Express 3.0 x16 Standard ATX Video Card Gaming Graphics Card GTX 1050TI  GPU,$4.27 Shipping
ASUS AMD AM4 ROG X570 Crosshair VIII Hero (Wi-Fi) ATX Motherboard + ASUS ROG Strix GeForce RTX 3090 DirectX 12 ROG-STRIX-RTX3090-O24G-GAMING 24GB 384-Bit GDDR6X PCI Express 4.0 x16 HDCP Ready SLI Support Video Card,
EVGA GeForce RTX 2070 SUPER XC ULTRA GAMING| 08G-P4-3173-RX| 8GB GDDR6| Dual HDB Fans| RGB LED| Metal Backplate,$9.99 Shipping
upHere Blue LED Graphics Card GPU Brace Support Video Card Sag Holder/Holster Bracket|Single or Dual Slot Cards |GL28BE,Free Shipping
ASUS ROG STRIX Z490-F GAMING| ASUS GeForce RTX 2060 Overclocked 6G GDDR6 Dual-Fan EVO,
CORN AMD Chipset RX550|128-Bit 2GB GDDR5 Graphic Card support DirectX12 with a fan Video Card RX 550 GPU DP/DVI/HDMI|Play for LOL|DOTA|COD|War Thunder etc.,Free Shipping
EVGA GeForce GTX 960 04G-P4-3969-KR 4GB FTW GAMING w/ACX 2.0+| Whisper Silent Cooling w/ Free Installed Backplate Graphics Card,Free Shipping
EVGA GeForce GTX 960 04G-P4-3967-KR 4GB SSC GAMING w/ACX 2.0+| Whisper Silent Cooling w/ Free Installed Backplate Graphics Card,Free Shipping
ZOTAC GAMING GeForce RTX 2070 SUPER MINI 8GB GDDR6 256-bit 14 Gbps Gaming Graphics Card| IceStorm 2.0| Super Compact| ZT-T20710E-10M,$12.99 Shipping
EVGA GeForce GTX 980 Ti 06G-P4-1996-KR 6GB HYBRID GAMING| "All in One" No Hassle Water Cooling| Just Plug and Play Graphics Card,Free Shipping
NVIDIA GeForce GTX 1080 Founders Edition| 8GB GDDR5X PCI Express 3.0 Graphics Card,Free Shipping
EVGA GeForce GTX 980 Ti 06G-P4-4998-KR 6GB CLASSIFIED GAMING w/ACX 2.0+| Whisper Silent Cooling w/ Free Installed Backplate Graphics Card,Free Shipping
EVGA GeForce GTX 980 Ti 06G-P4-4996-KR 6GB FTW GAMING w/ACX 2.0+| Whisper Silent Cooling w/ Free Installed Backplate Graphics Card,Free Shipping
ZOTAC GAMING GeForce GTX 1660 SUPER AMP 6GB GDDR6 192-bit Gaming Graphics Card| Super Compact| IceStorm 2.0 Cooling| Wraparound Metal Backplate - ZT-T16620D-10M,Free Shipping
GIGABYTE GeForce RTX 2080 Ti GAMING OC 11G Graphics Card| 3 x WINDFORCE Fans| 11GB 352-Bit GDDR6| GV-N208TGAMING OC-11GC Video Card,$45.00 Shipping
EVGA GeForce GTX 960 02G-P4-2962-KR 2GB SC GAMING| Only 6.8 inches| Perfect for mITX Build Graphics Card,Free Shipping
EVGA GeForce GTX 960 04G-P4-3962-KR 4GB SC GAMING| Only 6.8 inches| Perfect for mITX Build Graphics Card,Free Shipping
EVGA GeForce GTX 970 04G-P4-2974-KR 4GB SC GAMING w/ACX 2.0| Silent Cooling Graphics Card,Free Shipping
EVGA GeForce GTX 960 02G-P4-2966-KR 2GB SSC GAMING w/ACX 2.0+| Whisper Silent Cooling Graphics Card,Free Shipping
EVGA GeForce GTX 980 Ti 06G-P4-4995-KR 6GB SC+ GAMING w/ACX 2.0+| Whisper Silent Cooling w/ Free Installed Backplate Graphics Card,Free Shipping
EVGA GeForce GTX 970 04G-P4-2978-KR 4GB FTW GAMING w/ACX 2.0| Silent Cooling Graphics Card,Free Shipping
ASUS GeForce GTX 1060 3GB Phoenix Fan Edition VR Ready HDMI DP DVI Graphics Card (PH-GTX1060-3G),Free Shipping
CORN AMD RX560 128-Bit 4GB GDDR5 Graphic Card with dual fans DirectX12 Video Card GPU PCI Express 3.0 DP/DVI-D/HDMI|Play for LOL|DOTA|COD|War Thunder etc.,Free Shipping
ETopSell ATI Rage XL 8MB/8 MB PCI 3D VGA Video Graphics Card,$8.99 Shipping
EVGA GeForce GTX 960 04G-P4-3966-KR 4GB SSC GAMING w/ACX 2.0+| Whisper Silent Cooling w/ Free Installed Backplate Graphics Card,Free Shipping
ZOTAC GAMING GeForce RTX 2060 6GB GDDR6 192-bit Gaming Graphics Card| Super Compact| ZT-T20600H-10M,Free Shipping
EVGA GeForce GTX 960 04G-P4-1962-KR 4GB SC GAMING| Only 6.8 inches| Perfect for mITX Build Graphics Card,Free Shipping
EVGA GeForce GTX 970 04G-P4-2972-KR 4GB GAMING w/ACX 2.0| Silent Cooling Graphics Card,Free Shipping
EVGA GeForce GTX 980 04G-P4-2983-KR 4GB SC GAMING w/ACX 2.0| 26% Cooler and 36% Quieter Cooling Graphics Card,Free Shipping
ASUS ROG STRIX GeForce RTX 2060 DirectX 12 ROG-STRIX-RTX2060-O6G-GAMING 6GB 192-Bit GDDR6 PCI Express 3.0 HDCP Ready Video Card,Free Shipping
CORN GTX750Ti 2GB 128Bit GDDR5 Graphic Card Video Card GPU DirectX 12 PCI Express3.0 x16 DVI-D/VGA/HDMI,Free Shipping
CORN GTX 750Ti 128-Bit 2GB GDDR5 Graphic Card with dual fans DirectX12 Video Card GPU PCI Express 3.0 VGA/DVI/HDMI|Play for LOL|PUBG|OW|War Thunder etc.,Free Shipping
ZOTAC GeForce GTX 1080 Ti AMP Extreme Core 11GB GDDR5X 352-bit Gaming Graphics Card VR Ready 16+2 Power Phase Freeze Fan Stop IceStorm Cooling Spectra Lighting ZT-P10810F-10P,Free Shipping
ZOTAC GAMING GeForce GTX 1650 OC 4GB GDDR5 128-bit Gaming Graphics Card| Super Compact| ZT-T16500F-10L,Free Shipping
CORN GTX650 128-Bit 1GB GDDR5 Graphic Card with fan Video Card GPU Support DirectX11PCI Express 3.0 VGA/DVI-D/HDMI|Play for LOL|PUBG|OW|APex|CSGO etc.,Free Shipping
EVGA GeForce GTX 980 04G-P4-2982-KR 4GB SC GAMING| Silent Cooling Graphics Card,Free Shipping
MSI GeForce GTX 1660 Ti DirectX 12 GTX 1660 TI ARMOR 6G OC 6GB 192-Bit GDDR6 PCI Express 3.0 x16 HDCP Ready Video Card,Free Shipping
ASUS ROG Strix GeForce RTX 2080 Ti DirectX 12 ROG-STRIX-RTX2080TI-11G-GAMING 11GB 352-Bit GDDR6 PCI Express 3.0 HDCP Ready SLI Support Video Card,$75.00 Shipping
ASUS ROG Strix Radeon RX 560 O4GB Gaming OC Edition GDDR5 DP HDMI DVI AMD Graphics Card (ROG-STRIX-RX560-O4G-GAMING),$12.99 Shipping
GIGABYTE AORUS GeForce RTX 2060 Super 8G Graphics Card| WINDFORCE Stack| 8GB 256-Bit GDDR6| GV-N206SAORUS-8GC Video Card,$75.00 Shipping
ASUS ROG Strix GeForce GTX 1650 Advanced Overclocked 4GB Edition HDMI 2.0 DP 1.4 Gaming Graphics Card (ROG-STRIX-GTX1650-A4G-GAMING),$25.00 Shipping
ASUS ROG Strix GeForce GTX 1650 4GB Edition HDMI 2.0 DP 1.4 Gaming Graphics Card (ROG-STRIX-GTX1650-4G-GAMING),$31.00 Shipping
MSI GeForce RTX 2070 DirectX 12 RTX 2070 ARMOR 8G 8GB 256-Bit GDDR6 PCI Express 3.0 x16 HDCP Ready Video Card,Free Shipping
ASUS Turbo GeForce RTX 2060 DirectX 12 TURBO-RTX2060-6G 6GB 192-Bit GDDR6 PCI Express 3.0 HDCP Ready Video Card,$45.00 Shipping
ASUS ROG Strix Radeon RX 570 O4G Gaming OC Edition GDDR5 DP HDMI DVI VR Ready AMD Graphics Card (ROG-STRIX-RX570-O4G-GAMING),$10.99 Shipping
GIGABYTE GeForce RTX 2060 Super GAMING OC 8G Graphics Card| 3 x WINDFORCE Fans| 8GB 256-Bit GDDR6| GV-N206SGAMING OC-8GC Video Card,$45.00 Shipping
EVGA GeForce RTX 2080 Ti FTW3 ULTRA GAMING| 11G-P4-2487-RX| 11GB GDDR6| iCX2 & RGB LED Video Cards,Free Shipping
MSI GeForce RTX 2070 SUPER DirectX 12 RTX 2070 SUPER GAMING X TRIO 8GB 256-Bit GDDR6 PCI Express 3.0 x16 HDCP Ready SLI Support Video Card,Free Shipping
ASUS ROG Strix Radeon RX 580 O8G Gaming OC Edition GDDR5 DP HDMI DVI VR Ready AMD Graphics Card with RGB Lighting (ROG-STRIX-RX580-O8G-GAMING),Free Shipping
MSI GeForce GTX 1650 SUPER DirectX 12 GTX 1650 Super Ventus XS OC 4GB 128-Bit GDDR6 PCI Express 3.0 x16 HDCP Ready Video Card,Free Shipping
MSI GeForce RTX 2070 DirectX 12 RTX 2070 ARMOR 8G OC 8GB 256-Bit GDDR6 PCI Express 3.0 x16 HDCP Ready Video Card,Free Shipping
ZOTAC GAMING GeForce GTX 1660 6GB GDDR5 192-bit Gaming Graphics Card| Super Compact| ZT-T16600K-10M,Free Shipping
ZOTAC GeForce GTX 1080 Ti AMP Extreme 11GB GDDR5X 352-bit Gaming Graphics Card VR Ready 16+2 Power Phase Freeze Fan Stop IceStorm Cooling Spectra Lighting ZT-P10810C-10P,Free Shipping
ASUS Radeon RX 580 O4G Dual-fan OC Edition GDDR5 DP HDMI DVI VR Ready AMD Graphics Card (DUAL-RX580-O4G),Free Shipping
ASUS ROG Strix Radeon RX 580 T8G Gaming Top OC Edition GDDR5 DP HDMI DVI VR Ready AMD Graphics Card (ROG-STRIX-RX580-T8G-GAMING),Free Shipping
ASUS Dual GeForce RTX 2060 DirectX 12 DUAL-RTX2060-O6G 6GB 192-Bit GDDR6 PCI Express 3.0 HDCP Ready Video Card,Free Shipping
ZOTAC GAMING GeForce GTX 1660 Ti 6GB GDDR6 192-bit Gaming Graphics Card| Super Compact| ZT-T16610F-10L,Free Shipping
MSI GeForce RTX 2070 SUPER DirectX 12 RTX 2070 Super Armor OC 8GB 256-Bit GDDR6 PCI Express 3.0 x16 HDCP Ready SLI Support Video Card,Free Shipping
EVGA GeForce GTX 980 04G-P4-5988-KR 4GB K|NGP|N GAMING w/ACX 2.0+| Whisper Silent w/ Multi-Color LED Cooler| Customized Overclocking Graphics Card,Free Shipping
ZOTAC GeForce GTX 1080 Ti AMP Edition 11GB GDDR5X 352-bit Gaming Graphics Card VR Ready 16+2 Power Phase Freeze Fan Stop IceStorm Cooling Spectra Lighting ZT-P10810D-10P,Free Shipping
ASUS GeForce GTX 1660 6GB Phoenix Fan Edition HDMI DP DVI Graphics Card (PH-GTX1660-6G),Free Shipping
GIGABYTE GeForce RTX 2070 SUPER DirectX 12 GV-N207SGAMINGOC WHITE-8GD 8GB 256-Bit GDDR6 PCI Express 3.0 x16 SLI Support ATX Video Card,$45.00 Shipping
ZOTAC GAMING GeForce RTX 2080 SUPER Triple Fan 8GB GDDR6 256-bit 15.5 Gbps Gaming Graphics Card| IceStorm 2.0| Active Fan Control| Spectra Lighting| ZT-T20820H-10P,$15.99 Shipping
GF FX 5500 FX5500 256 MB PCI Desktop Video Graphics Card Vga Nvidia Chipset,Free Shipping
GIGABYTE Radeon RX 5500 XT DirectX 12 GV-R55XTGAMING OC-8GD 8GB 128-Bit GDDR6 PCI Express 4.0 x16 ATX Video Card,Free Shipping
EVGA 02G-P4-3753-KR G-SYNC Support GeForce GTX 750 Ti Superclocked 2GB 128-Bit GDDR5 PCI Express 3.0 Video Card,Free Shipping
EVGA GeForce GTX 1080 Ti FE DirectX 12 11G-P4-6390-KR 11GB 352-Bit GDDR5X PCI Express 3.0 SLI Support FOUNDERS EDITION Video Card,Free Shipping
Colorful iGame GeForce RTX 2080 Ti Advanced OC Graphics Card GDDR6 11G Computer Video Card 1635MHz DirectX 12.1,Free Shipping
XFX Radeon RX 580 DirectX 12 RX-580P8DFD6 XXX Edition 8GB 256-Bit GDDR5 PCI Express 3.0 CrossFireX Support Video Card,Free Shipping
CORN AMD Chipset RX570 performance like rx580 256-Bit 4GB GDDR5 Graphic Card support DirectX12 with dual fans Video Card RX 570 GPU PCI Express 3.0 DP/DVI-D/HDMI|Play for LOL|DOTA|COD|War Thunder etc.,Free Shipping
PNY GeForce RTX 2070 SUPER Graphic Card - 8 GB GDDR6,$25.00 Shipping
EVGA GeForce GT 710 DirectX 12 02G-P3-2713-KR 2GB 64-Bit DDR3 PCI Express 2.0 Video Card,Free Shipping
XFX RS XXX Edition Radeon RX 570 DirectX 12 RX-570P427D6 4GB OC+ 1284 MHz XFX Custom Backplate 256-Bit DDR5 PCI Express 3.0 CrossFireX Support Video Card,Free Shipping
EVGA 02G-P4-3757-KR G-SYNC Support GeForce GTX 750 Ti 2GB 128-Bit GDDR5 PCI Express 3.0 FTW w/ ACX Cooling Video Card,Free Shipping
EVGA GeForce RTX 2070 SUPER XC HYBRID GAMING| 08G-P4-3178-KR| 8GB GDDR6| WATERCOOLED,Free Shipping
MSI GeForce GTX 1080 Ti DirectX 12 GeForce GTX 1080 Ti GAMING X 11G 11GB 352-Bit GDDR5X PCI Express 3.0 x16 HDCP Ready SLI Support Video Card,Free Shipping
MSI GeForce GTX 1070 DirectX 12 GTX 1070 ARMOR 8G OC 8GB 256-Bit GDDR5 PCI Express 3.0 x16 HDCP Ready SLI Support ATX Video Card,Free Shipping
Founders Edition Pascal Architecture 6GB GDDR5 Nvidia GeForce GTX 1060 Graphics Cards,Free Shipping
ZOTAC GAMING GeForce RTX 2080 Ti AMP 11GB GDDR6 352-bit Gaming Graphics Card| Active Fan Control| Metal Backplate| Spectra Lighting (ZT-T20810D-10P),$24.99 Shipping
XFX Radeon RX 560 DirectX 12 RX-560P4SFG5 4GB 128-Bit DDR5 PCI Express 3.0 Video Card,$4.27 Shipping
MSI Radeon R7 240 DirectX 11.2 R7 240 2GD3 64b LP 2GB 64-Bit DDR3 HDCP Ready CrossFireX Support Low Profile Video Card,Free Shipping
GIGABYTE AORUS GeForce RTX 2080 SUPER DirectX 12 GV-N208SAORUS W-8GC 8GB 256-Bit GDDR6 PCI Express 3.0 x16 SLI Support ATX Video Card,Free Shipping
MSI GeForce GTX 1060 DirectX 12 GTX 1060 GAMING X 6G 6GB 192-Bit GDDR5 PCI Express 3.0 x16 HDCP Ready ATX Video Card,Free Shipping
EVGA GeForce GTX 1070 FTW GAMING ACX 3.0| 08G-P4-6276-KR| 8GB GDDR5| RGB LED| 10CM FAN| 10 Power Phases| Double BIOS| DX12 OSD Support (PXOC) Video Graphics Card,Free Shipping
ASUS Dual GeForce RTX 2080 SUPER DUAL-RTX2080S-O8G-EVO-V2 8GB 256-Bit GDDR6 PCI Express 3.0 HDCP Ready SLI Support Video Card,Free Shipping
EVGA G-SYNC Support GeForce GTX 770 DUAL SuperClocked 4GB 256-bit GDDR5 PCI Express 3.0 SLI Support Video Card 04G-P4-3774-KR,Free Shipping
ASUS Dual GeForce RTX 2080 Ti DirectX 12 DUAL-RTX2080TI-11G 11GB 352-Bit GDDR6 PCI Express 3.0 HDCP Ready SLI Support Video Card,Free Shipping
ASUS ROG GeForce GTX 1070 STRIX-GTX1070-O8G-GAMING 8GB 256-Bit GDDR5 PCI Express 3.0 HDCP Ready Video Card with RGB Lighting,$45.00 Shipping
MSI GeForce GTX 1070 DirectX 12 GTX 1070 GAMING X 8G 8GB 256-Bit GDDR5 PCI Express 3.0 x16 HDCP Ready SLI Support ATX Video Card,Free Shipping
ZOTAC GeForce GTX 1650 SUPER DirectX 12.1 ZT-T16510F-10L 4GB 128-Bit GDDR6 PCI Express 3.0 HDCP Ready Video Card,$12.99 Shipping
GIGABYTE GeForce 210 DirectX 10.1 GV-N210D3-1GI 1GB 64-Bit DDR3 PCI Express 2.0 x16 HDCP Ready Low Profile Ready Video Card,Free Shipping
ASUS GeForce GTX 1080 STRIX-GTX1080-8G-GAMING 8GB 256-Bit GDDR5X PCI Express 3.0 Video Card,Free Shipping
MSI GeForce RTX 2080 TI GAMING X TRIO Video Card,$105.00 Shipping
ASUS ROG Strix GeForce RTX 2080 Ti DirectX 12 ROG-STRIX-RTX2080TI-A11G-GAMING 11GB 352-Bit GDDR6 PCI Express 3.0 HDCP Ready SLI Support Video Card,$75.00 Shipping
EVGA GeForce GTX 1660 Ti XC Black GAMING| 06G-P4-1261-KR| 6GB GDDR6| HDB Fan,Free Shipping
EVGA GeForce GTX TITAN X 12G-P4-1999-KR 12GB HYBRID GAMING| "All in One" No Hassle Water Cooling| Just Plug and Play Graphics Card,Free Shipping
MSI GeForce GTX 1070 DirectX 12 GTX 1070 GAMING 8G 8GB 256-Bit GDDR5 PCI Express 3.0 x16 HDCP Ready SLI Support ATX Video Card,Free Shipping
EVGA GeForce GT 710 DirectX 12 02G-P3-2717-KR 2GB 64-Bit DDR3 PCI Express 2.0 Video Card,Free Shipping
GIGABYTE GeForce RTX 2070 Super GAMING OC 8G Graphics Card| 3 x WINDFORCE Fans| 8GB 256-Bit GDDR6| GV-N207SGAMING OC-8GC Video Card,$45.00 Shipping
Lenovo 4X60M97031 Nvidia Geforce Gt730 - Graphics Card - Gf Gt 730 - 2 Gb Gddr5 - Pcie 2.0 X8 Low Profile - Displayport - For Thinkcentre M710S (Sff| Tower) | M710T (Sff| Tower) | M910S (Sff| Tower),Free Shipping
MSI GeForce GTX 1650 DirectX 12 GTX 1650 D6 GAMING X 4GB 128-Bit GDDR6 PCI Express 3.0 x16 HDCP Ready Video Card,Free Shipping
ZOTAC GAMING GeForce GTX 1660 Ti AMP 6GB GDDR6 192-bit Gaming Graphics Card| Super Compact| IceStorm 2.0 Cooling - ZT-T16610D-10M,Free Shipping
EVGA GeForce GTX 1060 DirectX 12 06G-P4-6262-KR 6GB 192-Bit GDDR5 PCI Express 3.0 Video Card,Free Shipping
ASUS GeForce GTX 1070 STRIX-GTX1070-8G-GAMING 8GB 256-Bit GDDR5 PCI Express 3.0 HDCP Ready Video Card,Free Shipping
MSI GeForce GTX 1080 DirectX 12 GTX 1080 GAMING 8G 8GB 256-Bit GDDR5X PCI Express 3.0 x16 HDCP Ready SLI Support ATX Video Card,Free Shipping
ASUS ROG GeForce GTX 1080 STRIX-GTX1080-A8G-GAMING 8GB 256-Bit GDDR5X PCI Express 3.0 HDCP Ready Video Card,Free Shipping
EVGA GeForce RTX 2080 Ti DirectX 12 11G-P4-2281-KR 11GB 352-Bit GDDR6 PCI Express 3.0 HDCP Ready SLI Support BLACK EDITION GAMING Video Card| Dual HDB Fans & RGB LED,Free Shipping
GIGABYTE Radeon RX 5600 XT WINDFORCE OC 6G Graphics Card| 2 x WINDFORCE Fans| 6GB 192-Bit GDDR6| GV-R56XTWF2OC-6GD Video Card,Free Shipping
NVIDIA GeForce RTX 2060 Super Founders Edition - 8GB GDDR6 - 2176 Cores - Ray Tracing - DP/HDMI/DVI-DL - VR Ready with Free Battlefield V Code,Free Shipping
ASUS ROG GeForce GTX 1080 DirectX 12 STRIX-GTX1080-O8G-GAMING 8GB 256-Bit GDDR5X PCI Express 3.0 HDCP Ready SLI Support Video Card,Free Shipping
GIGABYTE Radeon RX 570 DirectX 12 GV-RX570GAMING-4GD REV2.0 4GB 256-Bit GDDR5 PCI Express 3.0 x16 ATX Video Card,Free Shipping
GIGABYTE GeForce GTX 1060 DirectX 12 GV-N1060G1 GAMING-6GD REV 2.0 6GB 192-Bit GDDR5 PCI Express 3.0 x16 ATX Video Card,Free Shipping
EVGA GeForce GTX 1080 Ti FTW3 GAMING| 11G-P4-6696-KR| 11GB GDDR5X| iCX Technology - 9 Thermal Sensors & RGB LED G/P/M,Free Shipping
GIGABYTE GeForce GTX 1660 Ti DirectX 12 GV-N166TOC-6GD 6GB 192-Bit GDDR6 PCI Express 3.0 x16 ATX Video Card,Free Shipping
HP Radeon Pro WX 3200 Graphic Card - 4 GB GDDR5 - Low-profile - 128 bit Bus Width,Free Shipping
EVGA GeForce GTX 980 04G-P4-1980-KR 4GB GAMING| Silent Cooling Graphics Card,Free Shipping
ASUS GeForce GTX 1080 Ti DirectX 12 TURBO-GTX1080TI-11G 11GB 352-Bit GDDR5X PCI Express 3.0 HDCP Ready SLI Support Video Card,Free Shipping
EVGA GeForce RTX 2070 SUPER BLACK GAMING Video Card| 08G-P4-3071-RX| 8GB GDDR6,Free Shipping
ASUS Dual GeForce GTX 1070 DirectX 12 DUAL-GTX1070-O8G 8GB 256-Bit GDDR5 PCI Express 3.0 HDCP Ready SLI Support Video Card,Free Shipping
MSI GeForce GTX 1060 DirectX 12 GTX 1060 3GT OC 3GB 192-Bit GDDR5 PCI Express 3.0 x16 HDCP Ready ATX Video Card,Free Shipping
ZOTAC GAMING GeForce RTX 2080 Ti Triple Fan 11GB GDDR6 352-bit Gaming Graphics Card| Active Fan Control| Metal Backplate| Spectra Lighting (ZT-T20810F-10P),Free Shipping
ASUS ROG Strix GeForce RTX 2070 DirectX 12 ROG-STRIX-RTX2070-8G-GAMING 8GB 256-Bit GDDR6 PCI Express 3.0 HDCP Ready Video Card,Special Shipping
XFX Radeon RX 580 DirectX 12 RX-580P427D6 4GB 256-Bit DDR5 PCI Express 3.0 CrossFireX Support GTS XXX Edition Video Card w/ Backplate,$5.99 Shipping
GIGABYTE GeForce GTX 1060 DirectX 12 GV-N1060IXOC-6GD 6GB 192-Bit GDDR5 PCI Express 3.0 x16 ATX Video Card,Free Shipping
ZOTAC GeForce GT 730 DirectX 12 (feature level 11_0) ZT-71115-20L 4GB 64-Bit DDR3 PCI Express 2.0 Zone Edition Video Card,Free Shipping
ZOTAC GeForce GTX 1080 FE DirectX 12 ZT-P10800A-10P 8GB 256-Bit GDDR5X PCI Express 3.0 HDCP Ready SLI Support Video Card VR Ready Founders Edition,Free Shipping
GIGABYTE Radeon RX Vega 64 DirectX 12 GV-RXVEGA64GAMING OC-8GD 8GB 2048-Bit HBM2 PCI Express 3.0 x16 CrossFireX Support ATX Video Card,Free Shipping
GIGABYTE GeForce GTX 1060 Mini ITX OC 3GB GV-N1060IXOC-3GD Video Card,Free Shipping
EVGA GeForce GTX TITAN Z 12G-P4-3992-KR 12GB SC GAMING| Fastest NVIDIA GPU Graphics Card,Free Shipping
NVIDIA 900-1G611-2550-000 GeForce GTX 1080 Ti Founders Edition DirectX 12 11GB 352-Bit GDDR5X PCI Express 3.0 x16 HDCP Ready SLI Support Video Card,Free Shipping
MSI Radeon RX Vega 56 Radeon RX Vega 56 8G Video Card,Free Shipping
PowerColor RED DEVIL Radeon RX 5700 XT DirectX 12 AXRX 5700 XT 8GBD6-3DHE/OC 8GB 256-Bit GDDR6 PCI Express 4.0 CrossFireX Support ATX Video Card,Free Shipping
MSI GeForce 210 DirectX 10.1 N210-MD1G/D3 1GB 64-Bit DDR3 PCI Express 2.0 x16 HDCP Ready Low Profile Ready Video Card,Free Shipping
ASUS ROG GeForce GTX 1080 Ti DirectX 12 STRIX-GTX1080TI-O11G-GAMING 11GB 352-Bit GDDR5X PCI Express 3.0 HDCP Ready Video Card,Free Shipping
GIGABYTE GeForce GTX 1060 DirectX 12 GV-N1060WF2OC-6GD 6GB 192-Bit GDDR5 PCI Express 3.0 x16 ATX Video Card,Free Shipping
MSI Gaming GeForce GT 710 2GB GDRR3 64-bit HDCP Support DirectX 12 OpenGL 4.5 Heat Sink Low Profile Graphics Card (GT 710 2GD3H LP),Free Shipping
MSI GeForce GTX 1080 FE DirectX 12 GEFORCE GTX 1080 Founders Edition 8GB 256-Bit GDDR5X PCI Express 3.0 x16 HDCP Ready SLI Support Video Card,Free Shipping
EVGA GeForce 210 DirectX 10.1 01G-P3-1313-KR 1GB 64-Bit DDR3 PCI Express 2.0 HDCP Ready Low Profile Ready Video Card,Free Shipping
MAXSUN GeForce GTX 1650  TM4GV0 Graphics Card Dual Fans 4GB 128-Bit GDDR5 PCI Express 3.0 x16 Video Card Gaming Graphics Card GTX 1650 GPU Terminitor,Free Shipping
ZOTAC GeForce GT 710 DirectX 12 ZT-71304-20L 1GB 64-Bit DDR3 PCI Express x1 HDCP Ready Video Card,Free Shipping
ASRock Phantom Gaming X Radeon RX 570 DirectX 12 RX570 4G OC 4GB 256-Bit GDDR5 PCI Express 3.0 x16 HDCP Ready Video Card,Free Shipping
Visiontek Radeon HD 5450 1GB DDR3 (DVI-I| HDMI| VGA)| 900358,Free Shipping
ZOTAC GeForce GTX 1080 Mini| ZT-P10800H-10P| 8GB GDDR5X IceStorm Cooling| Dual Fans| 90mm Pressure Optimized Fan| 100mm Maximum Airflow Optimized Fan| Direct GPU Copper Block Contact| Metal Back Plate,Free Shipping
EVGA GeForce 8600 GT DirectX 10 256-P2-N751-TR 256MB 128-Bit GDDR3 PCI Express x16 SLI Support Video Card,Free Shipping
EVGA GeForce GTX 1060 DirectX 12 06G-P4-6268-KR 6GB 192-Bit GDDR5 PCI Express 3.0 FTW GAMING ACX 3.0 Video Card,Free Shipping
EVGA GeForce GTX 1080 FTW GAMING ACX 3.0| 08G-P4-6286-KR| 8GB GDDR5X| RGB LED| 10CM FAN| 10 Power Phases| Double BIOS| DX12 OSD Support (PXOC),Free Shipping
EVGA GeForce GTX 1080 SC GAMING ACX 3.0| 08G-P4-6183-KR| 8GB GDDR5X| LED| DX12 OSD Support (PXOC),Free Shipping
ZOTAC GAMING GeForce RTX 2060 SUPER AMP 8GB GDDR6 256-bit 14 Gbps Gaming Graphics Card| IceStorm 2.0| Strong Overclock| Spectra Lighting| ZT-T20610D-10P,Free Shipping
EVGA GeForce GTX 1070 SC GAMING ACX 3.0| 08G-P4-6173-KR| 8GB GDDR5| LED| DX12 OSD Support (PXOC),Free Shipping
Biostar Gaming Radeon RX 550 4GB GDDR5 128-Bit DirectX 12 PCI Express 3.0 DVI-D Dual Link| HDMI| DisplayPort,$9.99 Shipping
EVGA GeForce GTX 970 04G-P4-1976-KR 4GB HYBRID GAMING| "All in One" No Hassle Water Cooling| Just Plug and Play Graphics Card,Free Shipping
XFX Radeon RX 570 DirectX 12 RX-570P8DFD6 8GB 256-Bit DDR5 PCI Express 3.0 CrossFireX Support Video Card,Free Shipping
EVGA GeForce GTX 1070 FTW GAMING ACX 3.0| 08G-P4-6276-KR| 8GB GDDR5| RGB LED| 10CM FAN| 10 Power Phases| Double BIOS| DX12 OSD Support (PXOC),Free Shipping
MSI GeForce GTX 1060 DirectX 12 GTX 1060 GAMING 3G 3GB 192-Bit GDDR5 PCI Express 3.0 x16 HDCP Ready ATX Video Card,Free Shipping
MSI GeForce GTX 1650 DirectX 12 GTX 1650 4GT LP OC 4GB 128-Bit GDDR5 PCI Express 3.0 x16 HDCP Ready Low Profile Video Card,Free Shipping
ASUS Radeon RX 560 4GB EVO OC Edition GDDR5 DP HDMI DVI AMD Graphics Card (RX560-O4G-EVO),Free Shipping
EVGA 01G-P3-1556-KR GeForce GTX 550 Ti (Fermi) FPB 1GB 192-bit GDDR5 PCI Express 2.0 x16 HDCP Ready SLI Support Video Card,Free Shipping
MSI GeForce GTX 1080 DirectX 12 GTX 1080 GAMING X 8G 8GB 256-Bit GDDR5X PCI Express 3.0 x16 HDCP Ready SLI Support ATX Video Card,Free Shipping
ZOTAC GeForce GTX 1060 Mini| ZT-P10600A-10L| 6GB GDDR5 Super Compact,Free Shipping
MSI GeForce GTX 960 DirectX 12 GTX 960 2GD5T OC 2GB 128-Bit GDDR5 PCI Express 3.0 x16 HDCP Ready SLI Support ATX Video Card,Free Shipping
ASUS ROG GeForce GTX 1080 Ti DirectX 12 STRIX-GTX1080TI-11G-GAMING 11GB 352-Bit GDDR5X HDCP Ready SLI Support Video Card,Free Shipping
GIGABYTE GeForce RTX 2080 SUPER GAMING OC WHITE 8G Graphics Card| 3 x WINDFORCE Fans| 8GB 256-Bit GDDR6| GV-N208SGAMINGOC WHITE-8GD Video Card,$45.00 Shipping
GIGABYTE GeForce GTX 1060 DirectX 12 GV-N1060WF2OC-3GD 3GB 192-Bit GDDR5 PCI Express 3.0 x16 ATX Video Card,Free Shipping
MSI GeForce GT 710 DirectX 12 GT 710 2GD3H LP 2GB 64-Bit DDR3 PCI Express 2.0 x16 HDCP Ready Low Profile Video Card,Special Shipping
EVGA SuperClocked 02G-P4-2765-KR G-SYNC Support GeForce GTX 760 2GB 256-bit GDDR5 PCI Express 3.0 SLI Support w/ EVGA ACX Cooler Video Card,Free Shipping
GIGABYTE AORUS GeForce RTX 2070 Super 8G Graphics Card| WINDFORCE Stack| 8GB 256-Bit GDDR6| GV-N207SAORUS-8GC Video Card,Free Shipping
EVGA GeForce GTX 950 02G-P4-2958-KR 2GB FTW GAMING| Silent Cooling Gaming Graphics Card,$4.49 Shipping
ASUS GeForce GTX 1080 TURBO-GTX1080-8G 8GB 256-Bit GDDR5X PCI Express 3.0 HDCP Ready SLI Support Video Card,Free Shipping
PNY GeForce GTX 1080 DirectX 12 VCGGTX10808PB 8GB 256-Bit GDDR5X PCI Express 3.0 x16 Blower Edition Video Card,Free Shipping
EVGA GeForce GTX 1060 FTW+ Gaming DirectX 12 03G-P4-6367-KR 3GB 192-Bit GDDR5 PCI Express 3.0 FTW+ GAMING ACX 3.0 Video Card,Free Shipping
ASUS Turbo GeForce GTX 1070 TURBO-GTX1070-8G 8GB 256-Bit GDDR5 PCI Express 3.0 HDCP Ready SLI Support Video Card,Free Shipping
MSI GeForce GT 710 DirectX 12 GT 710 1GD3H LP 1GB 64-Bit DDR3 PCI Express 2.0 x16 HDCP Ready Low Profile Video Card,Free Shipping
Geforce GT 730 2GB DDR3 PCI Expressx16 Video Graphics Card HMDI windows 8/7/vis,Free Shipping
MSI GeForce GT 710 DirectX 12 GT 710 2GD3 LP 2GB 64-Bit DDR3 PCI Express 2.0 HDCP Ready Low Profile Video Card,Special Shipping
EVGA GeForce GTX 1060 6GB SSC GAMING ACX 3.0| 6GB GDDR5| LED| DX12 OSD Support (PXOC)| 06G-P4-6267-KR,Free Shipping
GIGABYTE GeForce RTX 2070 Super GAMING OC 3X WHITE 8G Graphics Card| 3 x WINDFORCE Fans| 8GB 256-Bit GDDR6| GV-N207SGAMINGOC WHITE-8GC Video Card,Free Shipping
EVGA GeForce GTX 1080 Ti SC Black Edition GAMING| 11G-P4-6393-KR| 11GB GDDR5X| iCX Cooler & LED,Free Shipping
ZOTAC GeForce GTX 1060 Mini| ZT-P10610A-10L| 3GB GDDR5 Super Compact,$4.95 Shipping
ZOTAC GeForce GT 710 DirectX 12 ZT-71304-20L 1GB 64-Bit DDR3 PCI Express x1 HDCP Ready Video Card,Free Shipping
MSI GeForce GTX 1060 DirectX 12 GeForce GTX 1060 GAMING 6G 6GB 192-Bit GDDR5 PCI Express 3.0 x16 HDCP Ready ATX Video Card,Free Shipping
MSI GeForce GTX 1080 DirectX 12 GTX 1080 ARMOR 8G OC 8GB 256-Bit GDDR5X PCI Express 3.0 x16 HDCP Ready SLI Support ATX Video Card,Free Shipping
ZOTAC GAMING GeForce RTX 2060 SUPER AMP Extreme 8GB GDDR6 256-bit 14 Gbps Gaming Graphics Card| IceStorm 2.0| Extreme Overclock| Spectra Lighting| ZT-T20610B-10P,Free Shipping
EVGA GeForce GTX 1080 SC GAMING ACX 3.0 8GB| 08G-P4-6183-KR| GDDR5X| LED| DX12 OSD Support (PXOC) Video Graphics Card,Free Shipping
CORN AMD Chipset RX570 256-Bit 4GB GDDR5 Graphic Card DirectX12 Video Card GPU PCI Express 3.0 DP/DVI-D/HDMI|Play for LOL|DOTA|COD|War Thunder|Apex etc.,Free Shipping
EVGA GeForce GTX 1070 Ti DirectX 12 08G-P4-6678-KR 8GB 256-Bit GDDR5 PCI Express 3.0 SLI Support Video Card,Free Shipping
MSI GeForce GTX 1070 Ti DirectX 12 GTX 1070 Ti DUKE 8G 8GB 256-Bit GDDR5 PCI Express 3.0 x16 HDCP Ready SLI Support Video Card,Free Shipping
HP GeForce GT 630 Graphic Card - 2 GB DDR3 SDRAM - PCI Express x16,Free Shipping
AMD FirePro V7900 2G HF Dell 100-505693 Graphic Card,Free Shipping
MSI GeForce GT 710 DirectX 12 GT 710 1GD3H LPV1 1GB 64-Bit DDR3 PCI Express 2.0 x8 HDCP Ready Low Profile Video Card,Free Shipping
MSI GeForce GT 1030 DirectX 12 GT 1030 2G LP OC 2GB 64-Bit GDDR5 PCI Express 3.0 x16 (uses x4) HDCP Ready Low Profile Video Card,Free Shipping
EVGA GeForce GTX 1070 Founders Edition| 08G-P4-6170-KR| 8GB GDDR5| LED| DX12 OSD Support (PXOC),Free Shipping
EVGA GeForce GTX 1060 SC GAMING| ACX 2.0 (Single Fan)| 03G-P4-6162-KR| 3GB GDDR5| DX12 OSD Support (PXOC),Free Shipping
EVGA GeForce GTX 1080 Ti SC2 GAMING| 11G-P4-6593-KR| 11GB GDDR5X| iCX Technology - 9 Thermal Sensors & RGB LED G/P/M,Free Shipping
MSI GeForce GTX 1080 DirectX 12 GTX 1080 AERO 8G OC 8GB 256-Bit GDDR5X PCI Express 3.0 x16 HDCP Ready SLI Support ATX Video Card,Free Shipping
EVGA GeForce GTX TITAN X 12G-P4-2990-KR 12GB GAMING| Play 4k with Ease Graphics Card,Free Shipping
ZOTAC GeForce GTX 1080 AMP! Extreme| ZT-P10800B-10P| 8GB GDDR5X IceStorm Cooling| Metal Wraparound Carbon ExoArmor exterior| Dual-blade EKO Fan| Spectra Lighting| PowerBoost| FREEZE fan stop,Free Shipping
ASUS Cerberus GeForce GTX 1050 Ti 4GB OC Edition GDDR5 Gaming Graphics Card| CERBERUS-GTX1050TI-O4G,$31.00 Shipping
EVGA GeForce GTX 1080 FTW2 GAMING iCX| 08G-P4-6686-KR| 8GB GDDR5X| RGB LED| 9 Thermal Sensors| Asynchronous Fan Control| Thermal Display LED System| Optimized Airflow Fin Design| Die Cast/Form Fitted,Free Shipping
GIGABYTE GeForce GTX 1060 DirectX 12 GV-N1060G1 GAMING-3GD 2.0 3GB 192-Bit GDDR5 PCI Express 3.0 x16 ATX Video Card,Free Shipping
MSI GeForce GTX 960 DirectX 12 GTX 960 GAMING 100ME 2GB 128-Bit GDDR5 PCI Express 3.0 x16 HDCP Ready SLI Support ATX Video Card,Free Shipping
EVGA GeForce GTX 1080 DirectX 12 08G-P4-5180-KR 8GB 256-Bit GDDR5X PCI Express 3.0 SLI Support GAMING Video Card,Free Shipping
ASUS ROG GeForce GTX 1060 STRIX-GTX1060-6G-GAMING 6GB 192-Bit GDDR5 PCI Express 3.0 HDCP Ready Video Card,Free Shipping
CORN GTX 750 128-Bit 4GB GDDR5 Graphic Card with dual fans DirectX12 Video Card GPU PCI Express 3.0 VGA/DVI-D/HDMI|Play for LOL|PUBG|OW|War Thunder etc.,Free Shipping
ZOTAC GAMING GeForce RTX 2080 AMP 8GB GDDR6 256-bit Gaming Graphics Card| Active Fan Control| Metal Backplate| Spectra Lighting (ZT-T20800D-10P)(Open.Box),Free Shipping
EVGA GeForce RTX 2080 Ti XC2 ULTRA GAMING| 11G-P4-2387-KR| 11GB GDDR6| iCX2 & RGB LED,Free Shipping
SAPPHIRE Radeon HD 6870 1GB 256-bit GDDR5 PCI Express 2.1 x16 HDCP Ready CrossFireX Support Video Card (100314-3L ),Free Shipping
XFX Radeon RX Vega 56 RX-VEGMLBFX6 8GB 2048-Bit HBM2 PCI Express 3.0 CrossFireX Support Video Card - Black Design,Free Shipping
MSI GeForce GTX 980 Ti DirectX 12 GTX 980Ti 6GD5 6GB 384-Bit GDDR5 PCI Express 3.0 HDCP Ready SLI Support ATX Video Card,Free Shipping
EVGA GeForce GT 1030 DirectX 12 02G-P4-6338-KR 2GB 64-Bit GDDR5 PCI Express 3.0 Video Card,Free Shipping
MSI GeForce GTX 1070 DirectX 12 GTX 1070 AERO 8G OC 8GB 256-Bit GDDR5 PCI Express 3.0 x16 HDCP Ready SLI Support ATX Video Card,Free Shipping
MSI GeForce GTX 1650 SUPER DirectX 12 GTX 1650 Super AERO ITX OC 4GB 128-Bit GDDR6 PCI Express 3.0 x16 HDCP Ready ITX Video Card,Free Shipping
AMD RX 580 256-Bit 8GB GDDR5 CORN Graphic Card RX580 Direct X12 Video Card VGA GPU PCI Express 3.0 DP/DVI-D/HDMI|Play for LOL|DOTA|COD|War Thunder|Apex etc.,Free Shipping
MSI GeForce GTX 1060 DirectX 12 GTX 1060 ARMOR 6G OC 6GB 192-Bit GDDR5 PCI Express 3.0 x16 HDCP Ready ATX Video Card,Free Shipping
EVGA GeForce GTX 1080 SC2 GAMING iCX| 08G-P4-6583-KR| 8GB GDDR5X| 9 Thermal Sensors| Asynchronous Fan Control| Thermal Display LED System| Optimized Airflow Fin Design| Die Cast/Form Fitted Baseplate,Free Shipping
GIGABYTE AORUS GeForce RTX 2080 TI DirectX 12 GV-N208TAORUS X-11GC Video Card,$105.00 Shipping
PowerColor RED DEVIL Radeon RX Vega 56 DirectX 12 AXRX VEGA 56 8GBHBM2-2D2H/OC 8GB 2048-Bit HBM2 PCI Express 3.0 CrossFireX Support ATX Video Card,Free Shipping
GIGABYTE GeForce RTX 2080 TURBO OC 8G Graphics Card| Turbo Style Fan| 8GB 256-Bit GDDR6| GV-N2080TURBO OC-8GC Video Card,Free Shipping
GIGABYTE Radeon RX 570 DirectX 12 GV-RX570GAMING-4GD REV2.0 4GB 256-Bit GDDR5 PCI Express 3.0 x16 ATX Video Card,Free Shipping
ASUS ROG STRIX Radeon RX 5600 XT ROG-STRIX-RX5600XT-O6G-GAMING 6GB 192-Bit GDDR6 PCI Express 4.0 HDCP Ready Video Card,Free Shipping
VisionTek Radeon 5450 DirectX 11 900860 1GB DDR3 PCI Express 2.1 x16 ATX Video Card,Free Shipping
EVGA GeForce GTX 1070 Ti FTW2 GAMING 08G-P4-6775-KR| 8GB GDDR5 iCX - 9 Thermal Sensors & RGB LED G/P/M,Free Shipping
MSI GeForce GTX 1060 6GT OC GDDR5 6GB Dual Fan OC,Free Shipping
ASUS TUF Gaming X3 Radeon RX 5700 XT DirectX 12 TUF 3-RX5700XT-O8G-EVO-GAMING 8GB 256-Bit GDDR6 PCI Express 4.0 HDCP Ready CrossFireX Support Video Card,Free Shipping
PNY GeForce RTX 2060 Super Graphic Card - 8 GB GDDR6,$12.99 Shipping
ASUS ROG STRIX GeForce RTX 2060 DirectX 12 ROG-STRIX-RTX2060-O6G-GAMING 6GB 192-Bit GDDR6 PCI Express 3.0 HDCP Ready Video Card,Free Shipping
EVGA GeForce GTX 1070 SC GAMING ACX 3.0 Black Edition| 08G-P4-5173-KR| 8GB GDDR5| LED| DX12 OSD Support (PXOC),Free Shipping
GIGABYTE AORUS GeForce RTX 2080 Super 8G Graphics Card| WINDFORCE Stack| 8GB 256-Bit GDDR6| GV-N208SAORUS-8GC Video Card,Free Shipping
XFX RX 5700 XT Thicc III 8GB GDDR6 3xDP HDMI PCI-Express 4.0 Graphics Card RX-57XT8TFD8 VR Ready| Ultra HD and Multi-Monitor Support,Free Shipping
MSI GeForce GTX 1070 Founders Edition,Free Shipping
EVGA GeForce GTX 1070 FTW HYBRID GAMING| 08G-P4-6278-KR| 8GB GDDR5| RGB LED| All-In-One Watercooling with 10CM FAN| 10 Power Phases| Double BIOS| DX12 OSD Support (PXOC),Free Shipping
Biostar OC Gaming Radeon RX 560 4GB GDDR5 128-Bit DirectX 12 PCI Express 3.0 x16| DVI-D Dual Link| HDMI| DisplayPort and Vortex Cooling Fan,$9.99 Shipping
GIGABYTE GeForce GTX 1660 SUPER MINI ITX OC 6G Graphics Card| 170mm Compact Size| 6GB 192-Bit GDDR6| GV-N166SIXOC-6GD Video Card,Free Shipping
Visiontek Radeon HD 5450 2GB DDR3 (DVI-I| HDMI| VGA)| 900356,Free Shipping
ASUS GTX660-DC2O-2GD5 G-SYNC Support GeForce GTX 660 2GB 192-Bit GDDR5 PCI Express 3.0 x16 HDCP Ready SLI Support Video Card,Free Shipping
ZOTAC GeForce GTX 1060 AMP!| ZT-P10600B-10M| 6GB GDDR5 Super Compact Dual-Fan IceStorm Cooling FREEZE Fan Stop,Free Shipping
PNY GeForce RTX 2080 Ti 11GB XLR8 Gaming Overclocked Edition Graphics Card,Free Shipping
EVGA GeForce GTX 1070 SC2 GAMING iCX| 08G-P4-6573-KR| 8GB GDDR5| 9 Thermal Sensors| Asynchronous Fan Control| Thermal Display LED System| Optimized Airflow Fin Design| Die Cast/Form Fitted Baseplate,Free Shipping
GIGABYTE GeForce RTX 2060 GAMING OC PRO 6G Graphics Card| 3 x WINDFORCE Fans| 6GB 192-Bit GDDR6| GV-N2060GAMINGOC PRO-6GD Video Card,Free Shipping
PNY GeForce RTX 2080 Ti 11GB Blower 352-Bit GDDR6 PCI Express 3.0 SLI Support Video Card,Free Shipping
MSI GeForce GTX 1070 Ti DirectX 12 GTX 1070 Ti Titanium 8G 8GB 256-Bit GDDR5 PCI Express 3.0 x16 HDCP Ready SLI Support ATX Video Card,Free Shipping
Evga Geforce GT730 2 Gb DDR3 Sdram Graphic Card 902 Mhz Core Pci Express 2.0 1800 Mhz Memory Clock Directx 12| Opengl 4.4| Opencl Hdmi Dvi Vga,$11.54 Shipping
MSI GeForce GTX 1060 DirectX 12 GTX 1060 6GT OCV1 6GB 192-Bit GDDR5 PCI Express 3.0 x16 HDCP Ready ATX Video Card,Free Shipping
GIGABYTE AORUS GeForce RTX 2080 8G Graphics Card| 3 x Stacked WINDFORCE Fans| 8GB 256-Bit GDDR6| GV-N2080AORUS-8GC Video Card,Free Shipping
EVGA GeForce GTX 970 04G-P4-1970-KR 4GB 256-Bit GDDR5 PCI Express 3.0 G-SYNC Support Video Card,Free Shipping
DIAMOND Radeon HD 5450 DirectX 11 5450PE31G 1GB GDDR3 PCI Express 2.1 x16 HDCP Ready CrossFireX Support Low Profile Video Card,Free Shipping
MSI GeForce GTX 1070 Ti DirectX 12 GTX 1070 Ti GAMING 8G 8GB 256-Bit GDDR5 PCI Express 3.0 x16 HDCP Ready SLI Support ATX Video Card,Free Shipping
ASUS Dual GeForce GTX 1060 DirectX 12 DUAL-GTX1060-O3G 3GB 192-Bit GDDR5 PCI Express 3.0 HDCP Ready Video Card,Free Shipping
EVGA GeForce GTX 1070 GAMING ACX 3.0| 08G-P4-6171-KR| 8GB GDDR5| LED| DX12 OSD Support (PXOC),Free Shipping
SAPPHIRE 100281SR Radeon HD 5870 (Cypress XT) 1GB 256-bit GDDR5 PCI Express 2.0 x16 HDCP Ready CrossFire Supported Video Card w/ATI Eyefinity,Free Shipping
ZOTAC GeForce GTX 1080 AMP! Edition| ZT-P10800C-10P| 8GB GDDR5X IceStorm Cooling| Metal Wraparound Carbon ExoArmor Exterior| Ultra-wide 100mm Fans| Spectra Lighting| PowerBoost| FREEZE Fan Stop,Free Shipping
MAXSUN NVIDIA GeForce RTX2070 Super iCraft 8GB OC Graphics Cards GDDR6 256Bit 1605-1815 MHz DP*3 HDMI Video Card Desktop Graphics Cards Video Cards & Video Devices,Free Shipping
EVGA GeForce GTX 1070 GAMING| 08G-P4-5171-KR| 8GB GDDR5| ACX 3.0 & Black Edition,Free Shipping
Visiontek Radeon HD 7750 SFF 1GB DDR3 3M (2 x HDMI| Mini DP)| 900574,Free Shipping
ASUS GTX770-DC2OC-2GD5 G-SYNC Support GeForce GTX 770 2GB 256-Bit GDDR5 PCI Express 3.0 HDCP Ready SLI Support Video Card,Free Shipping
VisionTek Radeon 5450 DirectX 11 900861 2GB DDR3 PCI Express 2.1 x16 ATX Video Card,Free Shipping
NVIDIA TITAN V Graphic Card - 1.20 GHz Core - 1.46 GHz Boost Clock - 12 GB HBM2 - Dual Slot Space Required,Free Shipping
EVGA GeForce GTX 1080 Ti FTW3 GAMING| 11G-P4-6696-KR 11GB| GDDR5X| iCX Technology - 9 Thermal Sensors & RGB LED G/P/M Video Graphics Card,Free Shipping
MSI GeForce GTX 960 DirectX 12 GTX 960 GAMING 2G 2GB 128-Bit GDDR5 PCI Express 3.0 x16 HDCP Ready SLI Support ATX Video Card,Free Shipping
ASUS ROG GeForce GTX 1060 STRIX-GTX1060-O6G-GAMING 6GB 192-Bit GDDR5 PCI Express 3.0 HDCP Ready Video Card,Free Shipping
PNY GeForce RTX 2080 XLR8 Gaming Overclocked Edition Graphics Card| VCG20808DFPPB-O,Free Shipping
EVGA GeForce GTX 1060 GAMING| ACX 2.0 (Single Fan)| 03G-P4-6160-KR| 3GB GDDR5| DX12 OSD Support (PXOC)| Only 6.8 Inches,Free Shipping
GIGABYTE GeForce RTX 2060 SUPER DirectX 12 GV-N206SWF2OC-8GD 8GB 256-Bit GDDR6 PCI Express 3.0 x16 ATX Video Card,Free Shipping
GIGABYTE GeForce GTX 1070 DirectX 12 GV-N1070G1 GAMING-8GD R2 256-Bit GDDR5 PCI Express 3.0 x16 SLI Support ATX Video Card,Free Shipping
MSI GeForce GT 730 DirectX 12 N730K-2GD5LP/OC 2GB 64-Bit GDDR5 PCI Express 2.0 x16 HDCP Ready Video Card,Free Shipping
EVGA GeForce GTX 1060 GAMING| ACX 2.0 (Single Fan)| 06G-P4-6161-KR| 6GB GDDR5| DX12 OSD Support (PXOC)| Only 6.8 Inches,Free Shipping
EVGA GeForce GTX 1070 Ti GAMING 08G-P4-5678-KR 8GB GDDR5 SC HYBRID & LED,Free Shipping
MSI GTX 1080 TI AERO 11G GeForce GTX 1080 Graphic Card - 1.48 GHz Core - 1.58 GHz Boost Clock - 11 GB GDDR5X - PCI Express 3.0 x16,Free Shipping
XFX Radeon HD 4650 DirectX 10.1 HD-465X-ZDF2 1GB 128-Bit DDR2 PCI Express 2.0 x16 HDCP Ready Video Card,$4.27 Shipping
EVGA GeForce GTX 1080 FTW DT GAMING ACX 3.0| 8GB GDDR5X| RGB LED| 10CM FAN| 10 Power Phases| DX12| 08G-P4-6284-KR,Free Shipping
NVIDIA GeForce GTX 970 Graphic Card - 1.05 GHz Core - 1.18 GHz Boost Clock - 4 GB GDDR5 - Dual Slot Space Required,Free Shipping
MAXSUN GeForce GTX 1650  TM4GV0 Graphics Card Dual Fans 4GB 128-Bit GDDR5 PCI Express 3.0 x16 Video Card Gaming Graphics Card GTX 1650 GPU Terminitor,Free Shipping
MAXSUN GeForce GTX 1650  TM4GV0 Graphics Card Dual Fans 4GB 128-Bit GDDR5 PCI Express 3.0 x16 Video Card Gaming Graphics Card GTX 1650 GPU Terminitor,Free Shipping
ZOTAC GeForce GT 1030 2GB GDDR5 64-bit PCIe 3.0 DirectX 12 HDCP Ready Low Profile Video Card ZT-P10300A-10L,Free Shipping
XFX Radeon R9 390 Graphic Card - 1.05 GHz Core - 8 GB GDDR5 SDRAM - PCI Express 3.0 - Dual Slot Space Required,Free Shipping
ASUS AMD Radeon RX 5700 Overclocked 8G GDDR6 Dual Fan EVO Edition HDMI DisplayPort Gaming Graphics Card (DUAL-RX5700-O8G-EVO),Free Shipping
2pcs/set R9-390/380 GPU VGA Cooler Graphics cards Fan For HIS R9 380 R9 390 IceQ X2 Video Card Cooling System As replacement,Free Shipping
EVGA GeForce GTX 1070 Ti SC GAMING 08G-P4-5671-KR 8GB GDDR5 ACX 3.0 & Black Edition,Free Shipping
ASUS GeForce GTX 1070 Founders Edition| GTX1070-8G,Free Shipping
MAXSUN R5 230 2GB GDDR3 Graphics Cards PCIE3.0×8 Ready Video Card Desktop Graphics Cards,Free Shipping
EVGA GeForce GTX 1070 HYBRID GAMING| 08G-P4-6178-KR| 8GB GDDR5| LED| All-In-One Watercooling| DX12 OSD Support (PXOC),Free Shipping
MSI GeForce GTX 980 Ti GAMING 6G,Free Shipping
MSI GeForce GTX 970 GAMING 100ME,Free Shipping
ASUS Turbo GeForce GTX 1060 TURBO-GTX1060-6G 6GB 192-Bit GDDR5 PCI Express 3.0 HDCP Ready Video Card,Free Shipping
EVGA GeForce GTX 1060 3GB SSC GAMING ACX 3.0| 03G-P4-6167-KR| 3GB GDDR5| LED| DX12 OSD Support (PXOC),Free Shipping
GIGABYTE GeForce RTX 2080 SUPER GAMING OC WHITE 8G Graphics Card| 3 x WINDFORCE Fans| 8GB 256-Bit GDDR6| GV-N208SGAMINGOC WHITE-8GD Video Card,Free Shipping
EVGA GeForce GTX 1070 FTW2 GAMING iCX| 08G-P4-6676-KR| 8GB GDDR5| RGB LED| 9 Thermal Sensors| Asynchronous Fan Control| Thermal Display LED System| Optimized Airflow Fin Design,Free Shipping
EVGA GeForce GT 1030 SC| 02G-P4-6333-KR| 2GB GDDR5| Low Profile,Free Shipping
EVGA GeForce GTX 1070 FTW DT  GAMING ACX 3.0| 8GB GDDR5| RGB LED| 10CM FAN| 10 Power Phases| DX12| 08G-P4-6274-KR,Free Shipping
MAXSUN Video Card NVIDIA GeForce RTX2070 Super iCraft 8GB Graphics Cards GDDR6 256Bit 1605/1770 MHz DP*3 HDMI Video Card PCI Express 3.0 X16 RTX2070SUPER iCraft 8GB Desktop Graphics Cards,Free Shipping
MAXSUN Video Card NVIDIA GeForce RTX2070 Super iCraft 8GB Graphics Cards GDDR6 256Bit 1605/1770 MHz DP*3 HDMI Video Card PCI Express 3.0 X16 RTX2070SUPER iCraft 8GB Desktop Graphics Cards,Free Shipping
PowerColor Radeon RX VEGA 64 DirectX 12 AXRX VEGA 64 8GBHBM2-3DH 8GB 2048-Bit HBM2 PCI Express 3.0 CrossFireX Support ATX Video Card Fan Cooled (Black),Free Shipping
EVGA GeForce GTX 1080 GAMING ACX 3.0| 08G-P4-6181-KR| 8GB GDDR5X| LED| DX12 OSD Support (PXOC),Free Shipping
EVGA GeForce GTX 1070 Ti GAMING 08G-P4-5670-KR 8GB GDDR5,Free Shipping
GIGABYTE GeForce RTX 2070 Super WINDFORCE OC 3X 8G Graphics Card| 3 x WINDFORCE Fans| 8GB 256-Bit GDDR6| GV-N207SWF3OC-8GD Video Card,Free Shipping
GIGABYTE Radeon RX VEGA 64 BLACK DirectX 12 GV-RXVEGA64-8GD-B 8GB 2048-Bit HBM2 PCI Express 3.0 x16 ATX Video Card,Free Shipping
MSI GeForce GTX 960 DirectX 12 GTX 960 GAMING 4G 4GB 128-Bit GDDR5 PCI Express 3.0 x16 HDCP Ready SLI Support ATX Video Card,Free Shipping
GIGABYTE GeForce RTX 2070 Super GAMING OC 3X 8G Graphics Card| 3 x WINDFORCE Fans| 8GB 256-Bit GDDR6| GV-N207SGAMING OC-8GD Video Card,Free Shipping
NVIDIA GeForce GTX 1070 8GB Founders Edition GDDR5 PCI Express 3.0 Graphics Card,Free Shipping
MAXSUN GeForce GT 710 DirectX 12 GT 710 HHII2G 2GB 64-Bit DDR3 PCI Express 2.0 x16 Video Card HDMI+DVI+VGA,Free Shipping
GIGABYTE AORUS GeForce RTX 2060 Super 8G Graphics Card| WINDFORCE Stack| 8GB 256-Bit GDDR6| GV-N206SAORUS-8GC Video Card,Free Shipping
EVGA GeForce GTX 970 DirectX 12 04G-P4-3973-KR 4GB 256-Bit GDDR5 PCI Express 3.0 x16 SLI Support Video Card,Free Shipping
XFX Radeon RX 550 DirectX 12 RX-550P4SFG5 4GB 128-Bit DDR5 PCI Express 3.0 Video Card,$4.27 Shipping
EVGA GeForce GTX 1050 Ti SC GAMING| 04G-P4-6253-KR| 4GB GDDR5| DX12 OSD Support (PXOC),Free Shipping
CORN AMD Chipset RX550 4GB 128Bit GDDR5 Graphic Card GPU support DirectX 12 DVI/DP/HDMI Video Graphics Card Play for LOL|DOTA2|CODOL etc.,Free Shipping
CORN AMD Chipset RX550 4GB 128Bit GDDR5 Graphic Card GPU support DirectX 12 DVI/DP/HDMI Video Graphics Card Play for LOL|DOTA2|CODOL etc.,Free Shipping
XFX Rx 5700 XT Raw II 8GB GDDR6 1905MHz 3xDP HDMI PCI Express 4.0 Graphics Card Rx-57XT8OFF6,Free Shipping
AMD FirePro V7900 2GB 4XDP  PCIe HF Graphic Card,Free Shipping
EVGA GeForce GTX 1080 FTW Hydro Copper GAMING| 08G-P4-6299-KR| 8GB GDDR5X| LED| DX12 OSD Support (PXOC),Free Shipping
NVIDIA GeForce RTX 2080 Ti Graphic Card - 1.35 GHz Core - 1.64 GHz Boost Clock - 11 GB GDDR6 - Dual Slot Space Required,Free Shipping
ASUS GeForce RTX 2060 SUPER Overclocked 8G EVO GDDR6 Dual-Fan Edition VR Ready HDMI DisplayPort DVI Graphics Card (DUAL-RTX2060S-O8G-EVO),$75.00 Shipping
MSI GeForce GTX 970 GAMING 4G,Free Shipping
CORN GTX 1060 192-Bit 3GB GDDR5 Graphic Card with dual fans DirectX12 Video Card GPU PCI Express 3.0 DP/DVI-D/HDMI|Play for LOL|PUBG|OW|War Thunder etc.,Free Shipping
MSI GeForce GT 1030 DirectX 12 GT 1030 2GH LP OC 2GB 64-Bit GDDR5 PCI Express 3.0 x16 (uses x4) HDCP Ready Low Profile Video Card,Free Shipping
ASUS GeForce GTX 660 Ti DirectX 11 GTX660 TI-DC2-2GD5 2GB 192-Bit GDDR5 PCI Express 3.0 x16 HDCP Ready SLI Support Video Card,Free Shipping
Nvidia GEFORCE GTX 1070 Ti - FE Founder's Edition,Free Shipping
MAXSUN GeForce GTX 1050 Ti DirectX 12 GTX 1050 Ti TM4GM4 4GB 128-Bit GDDR5 PCI Express 3.0 x16 Standard ATX Video Card Gaming Graphics Card GTX 1050TI  GPU,Free Shipping
EVGA GeForce GTX 1050 Ti SSC GAMING ACX 3.0| 04G-P4-6255-KR| 4GB GDDR5| DX12 OSD Support (PXOC),Free Shipping
GIGABYTE RTX 2080 TI 11GB GDDR6 GV-N208TWF3-11GC PCI Express 3.0 x16 Video Card,$45.00 Shipping
ASUS ROG Strix GeForce GTX 1080 8GB 11Gbps OC Edition VR Ready HDMI DP DVI Gaming Graphics Card (ROG-STRIX-GTX1080-O8G-11GPBS),Free Shipping
ONDA GeForce GTX 1050 Ti DirectX 12 GTX 1050 Ti GAMING 4GD5 4GB 128-Bit GDDR5 PCI Express 3.0 x16 Standard ATX Video Card Gaming Graphics Card GTX 1050TI GPU,Free Shipping
MSI GeForce GTX 970 GAMING 4G LE,Free Shipping
ASUS GeForce GTX 1660 SUPER Overclocked 6GB Phoenix Fan Edition HDMI DP DVI Graphics Card (PH-GTX1660S-O6G),$5.59 Shipping
CORN GTX 960 128-Bit 2GB GDDR5 Graphic Card with dual fans DirectX11 Video Card GPU PCI Express 3.0 DP/DVI-D/HDMI|Play for LOL|PUBG|OW|Apex|CSGO etc.,Free Shipping
CORN GTX 960 128-Bit 4GB GDDR5 Graphic Card with dual fans DirectX11 Video Card GPU PCI Express 3.0 DP/DVI-D/HDMI|Play for LOL|PUBG|OW|Apex|CSGO etc.,Free Shipping
CORN GTX 950 128-Bit 2GB GDDR5 Graphic Card with dual fans GTX950 Video Card GPU PCI Express 3.0 DP/DVI-D/HDMI|Play for LOL|PUBG|OW|War Thunder etc.,Free Shipping
MAXSUN GeForce GTX 1050 Ti DirectX 12 GTX 1050 Ti TF4G 4GB 128-Bit GDDR5 PCI Express 3.0 x16 Standard ATX Video Card Gaming Graphics Card GTX 1050TI  GPU,Free Shipping
EVGA GeForce RTX 2080 SUPER XC GAMING Video Card| 08G-P4-3182-KR| 8GB GDDR6| RGB LED| Metal Backplate,Free Shipping
GIGABYTE GeForce GTX 1070 Founders Edition GV-N1070D5-8GD-B| GBT GTX1070 Founders,Free Shipping
PNY GeForce GT 710 DirectX 12 VCGGT7102XPB 2GB 64-Bit DDR3 PCI Express 2.0 x8 Low Profile Video Card,Free Shipping
CORN GTX 960 128-Bit 2GB GDDR5 Graphic Card with dual fans Video Card GPU Support DirectX12 PCI Express 3.0 DP/DVI-D/HDMI|Play for LOL|PUBG|OW|APex|CSGO etc.,Free Shipping
ZOTAC GeForce GTX 1060 DirectX 12 ZT-P10620A-10M 6GB 192-Bit GDDR5X PCI Express 3.0 HDCP Ready Video Card,Free Shipping
EVGA GeForce GTX 550 Ti (Fermi) DirectX 11 02G-P3-1559-KR 2GB 192-Bit GDDR5 PCI Express 2.0 x16 HDCP Ready SLI Support Video Card,Free Shipping
SAPPHIRE NITRO Radeon R9 390 DirectX 12 100382NTOC-2L 8GB 512-Bit GDDR5 PCI Express 3.0 x16 HDCP Ready Tri-X OC Version w/ backplate (UEFI) Video Card,Free Shipping
CORN AMD RX560 128-Bit 4GB GDDR5 Graphic Card support DirectX12 with dual fans Video Card GPU PCI Express 3.0 DP/DVI-D/HDMI|Play for LOL|DOTA|COD|War Thunder etc.,Free Shipping
MSI GeForce GTX 1660 SUPER DirectX 12 GTX 1660 SUPER GAMING X 6GB 192-Bit GDDR6 PCI Express 3.0 x16 HDCP Ready Video Card,Free Shipping
CORN GTX 1050Ti 128-Bit 4GB GDDR5 Graphic 6Pin Card with dual fans DirectX12 Video Card GPU PCI Express 3.0 VGA/DVI-D/HDMI|Play for Apex|LOL|PUBG|OW|War Thunder etc.,Free Shipping
ASUS GeForce GTX 1650 Overclocked 4GB Dual-fan Edition HDMI DP 1.4 DVI Graphics Card (DUAL-GTX1650-O4G),Free Shipping
CORN AMD Chipset RX480 performance like 580|256-Bit 4GB GDDR5 Graphic Card support DirectX12 with dual fans Video Card RX 480 GPU PCI Express 3.0 DP/DVI-D/HDMI|Play for LOL|DOTA|COD|War Thunder etc.,Free Shipping
MSI GeForce GTX 970 4GD5T OC,Free Shipping
EVGA GeForce RTX 2060 SUPER XC ULTRA GAMING| 08G-P4-3163-KR| 8GB GDDR6| Dual HDB Fans| RGB LED| Metal Backplate,Free Shipping
1GB OPTIPLEX SFF DT Half Height Size Length DELL Low Profile Video Graphics Card,Free Shipping
GIGABYTE GeForce GT 710 DirectX 12 GV-N710D5-2GL 2GB 64-Bit DDR5 PCI Express 2.0 x8 Low Profile Video Card,Free Shipping
CORN GTX650 2GB 128Bit GDDR5 Graphic Card GPU DirectX 12 DVI/VGA/HDMI Low Profile Video Graphics Card,Free Shipping
EVGA GeForce RTX 2080 Ti Black Edition Gaming| 11GB GDDR6| Dual HDB Fans & RGB LED Graphics Card 11G-P4-2281-KR,Free Shipping
Visiontek Radeon HD 7750 SFF 1GB DDR3 3M (2 x HDMI| Mini DP)| 900574 Video Graphics Card,Free Shipping
PNY GeForce GTX 1080 Ti Graphic Card - 1.58 GHz Boost Clock - 11 GB GDDR5X - PCI Express 3.0 x16 - Dual Slot Space Required - VCGGTX1080T11PB-CG,Free Shipping
CORN AMD Chipset RX470 performance like 570|256-Bit 4GB GDDR5 Graphic Card support DirectX12 with dual fans Video Card RX 470 GPU PCI Express 3.0 DP/DVI-D/HDMI|Play for LOL|DOTA|COD|War Thunder etc.,Free Shipping
CORN AMD Chipset RX480 performance like 580|256-Bit 8GB GDDR5 Graphic Card support DirectX12 with dual fans Video Card RX 480 GPU PCI Express 3.0 DP/DVI-D/HDMI|Play for LOL|DOTA|COD|War Thunder etc.,Free Shipping
GIGABYTE Radeon RX 580 DirectX 12 GV-RX580GAMING-8GD 8GB 256-Bit GDDR5 PCI Express 3.0 x16 ATX Video Card,Free Shipping
PowerColor RED DRAGON Radeon RX 570 DirectX 12 AXRX 570 4GBD5-3DHD/OC 4GB 256-Bit GDDR5 PCI Express 3.0 CrossFireX Support ATX Video Card,Special Shipping
MINGYING GeForce GTX 1060 DirectX 12 GeForce GTX 1060 3GBD5 3GB 192-Bit GDDR5 PCI Express 3.0 x16 Video Cards HDMI DP DVI Graphics Card,Free Shipping
ZOTAC GAMING GeForce RTX 2080 Ti Twin Fan 11GB GDDR6 352-bit Gaming Graphics Card| Active Fan Control| Metal Backplate| Spectra Lighting - ZT-T20810G-10P,Free Shipping
EVGA GeForce RTX 2080 SUPER XC ULTRA GAMING Video Card| 08G-P4-3183-KR| 8GB GDDR6| RGB LED| Metal Backplate,Free Shipping
VisionTek Radeon HD 5570 DirectX 11 900901 1GB 128-Bit DDR3 PCI Express 2.0 x16 Small Form Factor (SFF) Video Cards,Free Shipping
ASUS TUF Gaming X3 Radeon RX 5600 XT TUF 3-RX5600XT-O6G-EVO-GAMING 6GB 192-Bit GDDR6 PCI Express 4.0 HDCP Ready Video Card,Free Shipping
ASUS GeForce GTX 970 STRIX-GTX970-DC2OC-4GD5 4GB 256-Bit GDDR5 PCI Express 3.0 HDCP Ready SLI Support G-SYNC Support Video Card,Free Shipping
CORN GT710 1GB 64Bit GDDR3 Graphic Card GPU support DirectX 12 DVI/VGA/HDMI Video Graphics Card Play for LOL|DOTA2|CODOL etc.,Free Shipping
MSI GeForce GT 1030 DirectX 12 GT 1030 2GD4 LP OC 2GB 64-Bit DDR4 PCI Express 3.0 x16 (Uses x4) HDCP Ready Low Profile Video Card,Free Shipping
MSI N210-MD1G/D3 GeForce 210 Graphic Card 1 GB DDR3 SDRAM G2101D3,Free Shipping
HPE Tesla M10 Graphic Card 32 GB GDDR5 Q0J62C,Free Shipping
XFX Radeon RX 580 GTS XXX Edition 8GB GDDR5 Graphics Card RX-580P8DFD6,Free Shipping
ZOTAC GAMING GeForce RTX 2080 Ti AMP MAXX 11GB GDDR6 352-bit Gaming Graphics Card| IceStorm 2.0| Factory Overclock| Freeze Fan Stop| Active Fan Control| PowerBoost| Spectra Lighting| ZT-T20810H-10P,Free Shipping
VisionTek Radeon HD 7750 Graphic Card 1 GB Graphics Card 900574,Free Shipping
ASUS GeForce GTX 1060 DUAL-GTX1060-O6G 6GB 192-Bit GDDR5 PCI Express 3.0 HDCP Ready Video Card,Free Shipping
EVGA SuperClocked 012-P3-1572-AR GeForce GTX 570 (Fermi) 1280MB 320-bit GDDR5 PCI Express 2.0 x16 HDCP Ready SLI Support Video Card,Free Shipping
XFX - THICC III Ultra AMD Radeon RX 5700 XT 8GB GDDR6 PCI Express 4.0 Graphics Card - Black RX-57XT8TBD8,Free Shipping
MSI RTX 2080 Ti Gaming X Trio 11GB GDDR6 Graphics Card (V371-026R),Free Shipping
XFX Radeon R7 370 Graphic Card - 995 MHz Core - 4 GB GDDR5 SDRAM - PCI Express 3.0 - Dual Slot Space Required,Free Shipping
XFX - AMD Radeon RX 5600 XT RAW II PRO 6GB GDDR6 PCI Express 4.0 Graphics Card
RX-56XT6OFFR GPU Graphic,Free Shipping
VisionTek Radeon HD 4350 Graphics Card Graphics Card,Free Shipping
PNY GeForce GTX 1070 Founders Edition 8GB GDDR5 PCI Express 3.0 Graphics Card VCGGTX10708PB-CG,Free Shipping
GIGABYTE GeForce GTX 1650 OC 4G Graphics Card| 2 x WINDFORCE Fans| 4GB 128-Bit GDDR5| GV-N1650OC-4GD Video Card,Free Shipping
NVIDIA Tesla T4 Graphic Card - 16 GB GDDR6 - Full-height - PC,Free Shipping
XFX Radeon R7 370 Graphic Card - 995 MHz Core - 2 GB GDDR5 SDRAM - PCI Express 3.0 - Dual Slot Space Required,Free Shipping
Sapphire 11266-04-20G Radeon PULSE RX 570 4GB GDDR5 DUAL HDMI / DVI-D / DUAL DP OC with backplate (UEFI) PCI-E Graphics Card,Free Shipping
CORN AMD Chipset RX560D 4GB 128Bit GDDR5 Graphic Card GPU support DirectX 12 DVI/DP/HDMI Video Graphics Card Play for LOL|DOTA2|CODOL etc.,Free Shipping
GIGABYTE GeForce GTX 1070 8GB WINDFORCE OC| GV-N1070WF2OC-8GD R2,Free Shipping
ETopSell Graphics Card GeForce FX5500 256MB PCI dual vga + av video card,$8.99 Shipping
2pcs R9 285/270/380 GPU Cooler Graphics Card Fan For GIGABYTE GV-R938WF2OC GV-R9285WF2OC-2GD GV-R927OC-2GD Cooling,$2.99 Shipping
MSI GeForce GTX 1060 DirectX 12 GTX 1060 ARMOR 6G OCV1 6GB 192-Bit GDDR5 PCI Express 3.0 x16 HDCP Ready ATX Video Card,Free Shipping
Computer video card Cooling Fan GPU VGA Cooler as replacement For ASUS R9 FURY 4G 4096 strix graphics card cooling,$2.99 Shipping
EVGA SuperClocked 015-P3-1582-AR GeForce GTX 580 (Fermi) 1536MB 384-bit GDDR5 PCI Express 2.0 x16 HDCP Ready SLI Support Video Card,Free Shipping
MSI Radeon R9 390 DirectX 12 R9 390 GAMING 8G 8GB 512-Bit GDDR5 PCI Express 3.0 HDCP Ready CrossFireX Support Video Card,Free Shipping
Colorful iGame GeForce RTX 2070 Super Ultra OC GDDR6 8G Graphics Card| Dual Fans| 8GB 256-Bit GDDR6| iGame GeForce RTX 2070 SUPER Ultra OC Video Card HDMI + DP + USB Type C,$10.00 Shipping
PVB070G12H 75MM Diameter GPU VGA Cooler Graphics Card Fan For Sapphire HD5970 HD5870 hd 5970 5870 Video Card Cooling,$2.99 Shipping
Computer video card Cooling Fan GPU VGA Cooler as replacement For ASUS R9 FURY 4G 4096 strix graphics card cooling,Free Shipping
GIGABYTE GeForce RTX 2060 SUPER GAMING OC 3X WHITE 8G 256bit GDDR6 Big White Gaming Graphics Card,Free Shipping
GIGABYTE AORUS GeForce RTX 2080 Ti DirectX 12 GV-N208TAORUS X-11GC 11GB 352-Bit GDDR6 PCI Express 3.0 x16 SLI Support ATX Video Card,Free Shipping
SAPPHIRE Radeon RX VEGA 64 DirectX 12 100410L 8GB 2048-Bit HBM2 HDMI / TRIPLE DP (UEFI) PCI Express 3.0 CrossFireX Support ATX Video Card,Free Shipping
2GB 2048MB PCIe 2.0 x16 Single Slot Full Height Size Length Video Graphics Card for HP EliteDesk 800 705 G1 G2 G3 Z210 Z220 TOWER Desktop PC Model,$9.84 Shipping
PNY GeForce 8400 GS DirectX 10 VCG84512D3SXPB 512MB 64-Bit DDR3 PCI Express 2.0 x16 HDCP Ready Video Card,Free Shipping
Personalized Vertical Telescopic Graphics Card Holder Rack Gpu Support Video Card Hanging Frame Decoration Gpu Support,$5.00 Shipping
EVGA GeForce GTX 1070 SC GAMING ACX 3.0 Black Edition| 08G-P4-5173-KR| 8GB GDDR5| LED| DX12 OSD Support (PXOC) Video Graphics Card,Free Shipping
R7-240 GPU VGA Cooler fan Graphics card fans for Radeon MSI R7 240 2GD3 LP video card cooling,$2.99 Shipping
HD 6450/6750 GPU VGA cooler graphics Card Fan For Radeon HD6450 HD6570 R5-230 HIS Video card Cooling,Free Shipping
EVGA GeForce RTX 2060 SUPER XC GAMING| 08G-P4-3162-KR| 8GB GDDR6| Dual HDB Fans| RGB LED| Metal Backplate,Free Shipping
PVB070G12H 75MM Diameter GPU VGA Cooler Graphics Card Fan For Sapphire HD5970 HD5870 hd 5970 5870 Video Card Cooling,Free Shipping
HD 6450/6750 GPU VGA cooler graphics Card Fan For Radeon HD6450 HD6570 R5-230 HIS Video card Cooling,$2.99 Shipping
2pcs/set 85mm FDC10H12S9-C GPU Cooler Graphics Card Cooling Fan For Sapphire R7 350 R9 370/370X Video Card Cooling,$2.99 Shipping
R7 240/250X/250X GPU Cooler Video card Fan For Gigabyte GV-R724OC GV-R725OC GV-R725XOC graphics card cooling system,$2.99 Shipping
R9-290X Alternative GPU VGA Cooler Fans Graphics card fan For DATALAND Powercolor DEVIL13 DualCore R9 290X 8G Video Card cooling,$2.99 Shipping
MSI Radeon R9 290 DirectX 11.2 R9 290 4GD5 (V803) 4GB 512-Bit GDDR5 PCI Express 3.0 HDCP Ready CrossFireX Support Video Card,Free Shipping
Sapphire R9-370 GPU Cooler Video Cards fan for Radeon Sapphire R9 370 1024SP 4G/2G V2 OC graphics Card Cooling,Free Shipping
1x R7 350/260X GPU Cooler Video card Fan For Gigabyte GV-R726X-2GD GV-R735OC graphics card cooling system,Free Shipping
2x R7-370 GPU VGA Cooler Graphics cards Fan For HIS R7 370 IceQ Video Card Cooling System As replacement,$2.99 Shipping
2pcs/set R7 260X GPU Cooler Graphics Card Fan For GIGABYTE R7-260X GV-R726XWF2-2GD Video Cards Cooling,$2.99 Shipping
2pcs/set GA91S2H R7 360/460 GPU Graphics cards cooler VGA fan For Sapphire R7 360 R7 460 AMP Video Card cooling,Free Shipping
GPU Cooler video card Fans MSI R9 290X R9-280X R9 270X R9-260X Graphics Card Cooling as replacement,Free Shipping
MSI GeForce RTX 2080 Ti DirectX 12 RTX 2080 Ti VENTUS GP OC 11GB 352-Bit GDDR6 PCI Express 3.0 x16 HDCP Ready SLI Support Video Card,Free Shipping
2Pcs/set R9 390X/380 GPU VGA Cooler Graphics cards Fan For HIS R9 390X R9 390 IceQ Video Card Cooling,Free Shipping
R7-240 GPU VGA Cooler fan Graphics card fans for Radeon MSI R7 240 2GD3 LP video card cooling,Free Shipping
EVGA  02G-P4-3658-KR  GeForce GTX 650 Ti BOOST SuperClocked 2GB  192-bit  GDDR5  PCI Express 3.0  SLI Support Video Card,Free Shipping
HD7770 HD7750 GPU Cooler 95mm 2pin Video Card fan for Gigabyte GV-R777D5-1GD GV-R777OC GV-R775OC Graphics Card Cooling,$2.99 Shipping
R9-290X Alternative GPU VGA Cooler Fans Graphics card fan For DATALAND Powercolor DEVIL13 DualCore R9 290X 8G Video Card cooling,Free Shipping
MSI Radeon R9 290 GAMING 4GB 512-bit GDDR5 PCI Express 3.0 x16 HDCP Ready CrossFireX Support Video Card,Free Shipping
2x R9 380X/380 GPU VGA Cooler Graphics cards Fan For HIS R9 380X R9 380 IceQ Video Card Cooling System As replacement,$2.99 Shipping
PNY Quadro NVS 510 Graphic Card - 2 GB DDR3 SDRAM - Low-profile - Single Slot Sp,Free Shipping
MAXSUN Video Card R5 230 2GB GDDR3 Graphics Cards PCIE3.0×8 Ready Video Card Video Cards & Video Devices,Free Shipping
Sapphire R9-370 GPU Cooler Video Cards fan for Radeon Sapphire R9 370 1024SP 4G/2G V2 OC graphics Card Cooling,$2.99 Shipping
EVGA GeForce 8400 GS DirectX 10 01G-P3-1302-LR 1GB 64-Bit DDR3 PCI Express 2.0 x16 HDCP Ready Video Card,Free Shipping
GIGABYTE Radeon HD 7970 GHz Edition DirectX 11 GV-R797TO-3GD 3GB 384-Bit GDDR5 PCI Express 3.0 x16 HDCP Ready CrossFireX Support Video Card,Free Shipping
2Pcs/set R9 390X/380 GPU VGA Cooler Graphics cards Fan For HIS R9 390X R9 390 IceQ Video Card Cooling,$2.99 Shipping
MSI GeForce GTX 1080 DirectX 12 GTX 1080 DUKE 8G OC 8GB 256-Bit GDDR5X PCI Express 3.0 x16 HDCP Ready SLI Support Video Cards,Free Shipping
2x R9 380X/380 GPU VGA Cooler Graphics cards Fan For HIS R9 380X R9 380 IceQ Video Card Cooling System As replacement,Free Shipping
2pcs/set R7 260X GPU Cooler Graphics Card Fan For GIGABYTE R7-260X GV-R726XWF2-2GD Video Cards Cooling,Free Shipping
2pcs/lot GPU cooler Graphics card fans for REDEON R9 390X GIGABYTE GV-R939XG1 GAMING-8GD GV-R939G1 GAMING-8GD video card cooling,Free Shipping
2x R7-370 GPU VGA Cooler Graphics cards Fan For HIS R7 370 IceQ Video Card Cooling System As replacement,Free Shipping
HD7770 HD7750 GPU Cooler 95mm 2pin Video Card fan for Gigabyte GV-R777D5-1GD GV-R777OC GV-R775OC Graphics Card Cooling,Free Shipping
R7 240/250X/250X GPU Cooler Video card Fan For Gigabyte GV-R724OC GV-R725OC GV-R725XOC graphics card cooling system,Free Shipping
1x HD7750/HD 7790 GPU Cooler Video card Fan For Gigabyte GV-R775D3-2G GV-R775OC-2G GV-R779OC-2GD graphics card cooling system,$2.99 Shipping
PNY NVIDIA Quadro K4000 3GB professional GPU Workstation Video Graphics card GDDR5 PCIe x16,Free Shipping
GIGABYTE GeForce GTX 1080 G1 Gaming GV-N1080G1 GAMING-8GD Video Card,Free Shipping
2pcs/lot GPU cooler Graphics card fans for REDEON R9 390X GIGABYTE GV-R939XG1 GAMING-8GD GV-R939G1 GAMING-8GD video card cooling,$2.99 Shipping
MSI GeForce GT 710 1GB DirectX 12 GT 710 1GD3H LP 64-Bit DDR3 PCI Express 2.0 x16 HDCP Ready Low Profile Video Graphics Card,Free Shipping
XFX Radeon RX VEGA 64 DirectX 12 RX-VEGMTBFX6 8GB 2048-Bit HBM2 PCI Express 3.0 CrossFireX Support Video Card Air Cooler (Black Design),Free Shipping
3pcs/lot R9 270X/370X video cards GPU cooler fan For Dataland Powercolor DEVIL R9 270X R9-370X Graphics Card As Replacement,$2.99 Shipping
2 Pcs/Lot 95MM gpu cooler graphics Card Fans r9-380/390 VGA Cooler Fan for Sapphire R9 380 r9 390 4g d5 Video card cooling,Free Shipping
Colorful iGame GeForce RTX 2070 Super Vulcan X OC GDDR6 8G LCD Status Monitor Graphics Card| Triplel Fans| 8GB 256-Bit GDDR6| iGame GeForce RTX 2070 SUPER Vulcan X OC Video Card HDMI + DP + USB Type C,Free Shipping
GIGABYTE GeForce GTX 1080 FE DirectX 12 GV-N1080D5X-8GD-B 8GB 256-Bit GDDR5X ATX Video Card,Free Shipping
1x HD7750/HD 7790 GPU Cooler Video card Fan For Gigabyte GV-R775D3-2G GV-R775OC-2G GV-R779OC-2GD graphics card cooling system,Free Shipping
3pcs/lot R9 270X/370X video cards GPU cooler fan For Dataland Powercolor DEVIL R9 270X R9-370X Graphics Card As Replacement,Free Shipping
Diameter 45mm 2pin R5 230 R7 250 R7 240 GPU VGA cooler graphics Card cooling Fan For XFX R7-240/250 R5-230 Video cards Cooling,$2.99 Shipping
MAXSUN Video Card R5 230 2GB GDDR3 Graphics Cards PCIE3.0×8 Ready Video Card Video Cards & Video Devices,Free Shipping
PNY - NVIDIA GeForce GTX 1070 Ti 8GB GDDR5 PCI Express 3.0 Graphics Card,Free Shipping
2pcs/set 85mm FDC10H12S9-C R9-370X VGA GPU Cooler Graphics Card Cooling Fan For Sapphire R7 350 R9 370/370X Video Card Cooling,Free Shipping
2pcs/set 85mm FDC10H12S9-C GPU Cooler Graphics Card Cooling Fan For Sapphire R7 350 R9 370/370X Video Card Cooling,Free Shipping
Diameter 45mm 2pin R5 230 R7 250 R7 240 GPU VGA cooler graphics Card cooling Fan For XFX R7-240/250 R5-230 Video cards Cooling,Free Shipping
EVGA GeForce GTX 1060 SC GAMING| ACX 2.0 (Single Fan) 6GB| 06G-P4-6163-KR| GDDR5| DX12 OSD Support (PXOC)| Only 6.8 Inches Video Graphics Card,Free Shipping
